"price","retail_price","units_sold","rating","uses_ad_boosts","rating_count","rating_five_count","rating_four_count","rating_three_count","rating_two_count","rating_one_count","merchant_rating_count","merchant_rating"
16,14,100,3.76,0,54,26,8,10,1,9,568,4.12852112676056
8,22,20000,3.45,1,6135,2269,1027,1118,644,1077,17752,3.89967327625056
8,43,100,3.57,0,14,5,4,2,0,3,295,3.98983050847458
8,8,5000,4.03,1,579,295,119,87,42,36,23832,4.02043470963411
2.72,3,100,3.1,1,20,6,4,2,2,6,14482,4.00158817842839
3.92,9,10,5,0,1,1,0,0,0,0,65,3.50769230769231
7,6,50000,3.84,0,6742,3172,1352,971,490,757,10194,4.07651559741024
12,11,1000,3.76,0,286,120,56,61,18,31,342,3.6812865497076
11,84,100,3.47,1,15,6,2,3,1,3,330,3.8030303030303
5.78,22,5000,3.6,0,687,287,128,92,68,112,5534,3.99981929887965
5.79,5,1000,3.46,0,613,245,101,81,61,125,9470,3.95681098204857
6,8,100,3.31,1,13,3,4,3,0,3,3515,3.98378378378378
1.91,6,1000,3.45,1,141,49,29,24,14,25,557,4.12387791741472
5.79,42,1000,3.32,0,121,36,24,23,19,19,5083,3.94747196537478
2,2,20000,3.65,1,2457,984,481,459,206,327,55499,4.13888538532226
11,81,1000,3.92,0,426,204,94,62,21,45,39381,4.06632640105635
11,10,10000,3.72,0,2058,840,435,386,158,239,6302,3.95842589654078
5,25,100000,3.83,1,17980,8290,3483,2951,1410,1846,139223,3.93358137664035
9,9,20000,3.82,0,5479,2456,1162,853,431,577,22089,4.08162433790574
7,7,1000,3.67,0,214,87,36,49,17,25,3592,4.06236080178174
11,10,5000,3.84,0,1183,506,274,216,81,106,23609,4.25659706044305
5,6,20000,3.6,0,3552,1437,632,610,358,515,12913,3.9813366374971
11,26,1000,3.38,0,72,27,11,11,8,15,4516,4.23184233835252
7,6,5000,3.67,1,510,213,98,85,45,69,96838,4.2646585018278
5.71,5,1000,3.75,0,678,290,145,104,61,78,80093,4.00669222029391
9,32,1000,4.15,0,567,323,116,58,28,42,9395,4.11005854177754
9,9,1000,4.03,0,216,105,48,39,12,12,4298,4.22940902745463
5.65,5,20000,4.29,0,2996,1781,628,374,104,109,40943,4.01748772683975
1.74,2,100,4.25,1,12,7,3,1,0,1,18138,3.83151394861616
5.65,6,1000,4.06,0,301,156,70,34,18,23,7034,4.06027864657378
14,76,100,4.06,0,31,17,4,6,3,1,51369,3.96826880024918
5.65,6,1000,4.37,1,217,137,42,24,9,5,44837,4.0659053906372
8,7,1000,3.81,0,443,215,76,65,29,58,3460,3.87080924855491
2.66,3,5000,3.44,0,1136,418,187,201,133,197,223392,4.30636280618823
9,8,10000,3.8,0,1231,555,240,211,87,138,10600,3.86754716981132
11,10,1000,4.16,0,274,162,47,34,10,21,13946,4.00014341029686
8,17,100,2.75,1,8,2,0,3,0,3,47981,4.02536420666514
14,12,5000,4.06,1,643,365,109,73,33,63,80093,4.00669222029391
5.8,8,100,3.83,1,6,3,1,1,0,1,16741,3.92085299563945
13,13,1000,4.16,0,138,82,27,10,7,12,12913,3.9813366374971
9,81,50000,4.26,0,5359,3111,1172,650,204,222,59198,4.10505422480489
7,68,10,1.5,0,2,0,0,0,1,1,397,3.85894206549118
12,14,100,3.79,1,24,11,6,2,1,4,196,4.02040816326531
3.69,40,100,3.53,0,59,22,11,12,4,10,10917,4.3648438215627
5,5,10000,3.82,1,3208,1467,607,558,241,335,27055,4.15139530585844
5.84,56,100,3.28,0,36,11,4,11,4,6,40943,4.01748772683975
16,14,10,3,0,3,0,2,0,0,1,31,3.54838709677419
13,50,1000,4.03,0,855,451,165,120,51,68,9136,4.08570490367776
9,8,10000,3.18,0,1783,535,289,344,189,426,10474,3.90853542104258
7,6,100,3.8,0,61,28,11,12,2,8,139607,4.21638599783678
11,20,100,3.43,0,14,5,3,2,1,3,3120,4.17467948717949
5.84,11,1000,4.19,0,307,171,71,35,12,18,10377,4.17278596896984
1,11,1000,3.8,1,5,3,0,1,0,1,8197,3.85811882395999
11,60,1000,3.38,1,37,15,3,9,1,9,703,3.9601706970128
9,8,5000,4.03,1,889,464,178,126,52,69,16013,4.10884906013864
6,56,1000,3.5,1,938,349,171,173,88,157,13309,3.87669997745886
1,10,100,3.56,0,52,22,8,9,3,10,91631,3.83793694273772
9,8,5000,4.06,0,743,400,142,103,45,53,20681,3.99937140370388
6,6,100,4,0,8,5,0,1,2,0,127,3.8740157480315
11,68,1000,4.13,0,211,120,37,31,8,15,11597,4.21522807622661
7,6,50,4,0,4,3,0,0,0,1,34,4.35294117647059
5,38,50,5,1,2,2,0,0,0,0,9,3.66666666666667
2.72,3,100,3.1,1,20,6,4,2,2,6,14482,4.00158817842839
5.87,11,1000,3.91,1,209,100,41,34,17,17,6187,4.39130434782609
11,10,5000,3.72,0,1008,447,201,135,81,144,61895,4.26800226189514
8,10,100,2.71,0,7,1,1,2,1,2,224,3.89285714285714
14,67,1000,3.81,0,187,84,40,28,14,21,11900,4.15075630252101
2,9,100,3.47,0,32,11,6,5,7,3,4856,4.16762767710049
8,7,10000,3.93,1,1670,823,340,250,89,168,66644,4.13758177780445
5.79,30,1000,3.41,1,212,73,49,23,25,42,21012,4.18984389872454
8,22,100,3.74,1,47,24,5,6,6,6,50593,3.87676160733698
4.94,5,10000,3.93,1,1331,659,255,199,101,117,55670,4.12148374348841
8,7,10000,3.82,0,2520,1220,433,365,203,299,8821,3.87200997619318
11,10,100,3.46,1,50,20,7,8,6,9,225438,4.30112048545498
8,33,10,5,0,0,NA,NA,NA,NA,NA,1496,4.16978609625668
9,33,50,4.5,1,4,2,2,0,0,0,8397,4.12028105275694
7,6,100,4.26,0,53,30,14,5,1,3,2055,3.83795620437956
11,10,10000,4.24,0,1045,644,183,114,38,66,9200,4.28967391304348
8,92,100,3.56,0,16,6,5,0,2,3,7076,3.96806105144149
5.83,5,10000,4.22,1,2055,1162,488,212,83,110,126370,4.14695734747171
8,7,1000,3.42,0,373,144,57,60,35,77,1322,3.96520423600605
5.77,5,100,4,1,4,1,2,1,0,0,8996,3.91574032903513
5.9,5,10000,3.64,0,1933,867,298,299,151,318,2366,3.95181741335587
6,20,100,3.08,0,13,4,2,2,1,4,2776,3.93119596541787
7,6,50000,4.41,1,17444,11548,3191,1632,507,566,126370,4.14695734747171
8,7,10000,3.7,1,1404,593,278,232,124,177,4178,3.93752991862135
12,11,1000,3.81,0,341,163,63,48,21,46,2248,4.15035587188612
5.78,8,20000,4,1,3975,2054,774,576,242,329,6555,4.18413424866514
12,17,5000,3.94,0,387,189,76,67,21,34,1288,3.97826086956522
11,10,20000,4.07,1,3070,1635,642,392,177,224,12974,3.9657006320333
8,51,100,4.29,0,31,19,5,5,1,1,5846,3.83253506671228
11,10,100,3.46,1,50,20,7,8,6,9,225438,4.30112048545498
5.77,48,100000,4.1,0,20744,11184,4152,2919,1174,1315,330405,4.06734764909732
9,8,20000,3.7,0,3820,1726,654,568,324,548,15748,4.06464312928626
1.72,2,100,3.77,1,30,15,3,5,4,3,32168,3.88454364585924
1.86,9,100,3.57,1,42,17,9,4,5,7,7248,3.94301876379691
14,92,100,4.54,1,13,10,2,0,0,1,54,4.18518518518519
3.69,4,1000,3.64,0,212,95,33,32,16,36,1559,4.03912764592688
5.79,42,1000,3.32,0,121,36,24,23,19,19,5083,3.94747196537478
11,30,100,4.11,1,28,17,4,3,1,3,9541,4.21046011948433
9,8,100,3.18,1,72,17,19,12,8,16,288,3.72916666666667
6,8,10000,3.96,0,1338,685,257,187,72,137,54504,3.80168428005284
20,17,100,2.8,1,15,2,3,5,0,5,67,3.29850746268657
5.66,5,5000,3.89,0,1161,558,242,159,75,127,99283,4.28559773576544
8,65,100,3.97,0,29,18,1,5,1,4,239,3.88284518828452
8,7,1000,3.61,1,668,254,155,102,61,96,40616,4.09855721883002
6,6,1000,3.82,1,134,62,26,23,6,17,670,3.84477611940299
11,10,5000,3.96,0,1556,743,338,258,110,107,4610,4.2527114967462
7,6,1000,4.2,1,107,66,13,18,3,7,247,3.94331983805668
11,10,10000,3.77,0,1694,725,376,272,112,209,13946,4.00014341029686
5.81,30,100,2.61,0,18,3,2,5,1,7,26473,3.8947606995807
14,12,10000,3.93,0,2946,1427,614,452,180,273,32858,3.88553776857995
5,51,10,5,0,0,NA,NA,NA,NA,NA,295,3.98983050847458
5,5,100,4.3,1,10,6,2,1,1,0,10799,4.16797851652931
11,10,1000,4.12,0,249,143,48,24,12,22,8989,3.85193013683391
12,67,10,3.67,0,3,2,0,0,0,1,238,4.00840336134454
5.68,5,10,4.5,0,2,1,1,0,0,0,160,4.5125
11,10,100,4,1,12,7,1,2,1,1,546,4.01465201465201
17,15,10000,4.16,0,3040,1782,565,332,123,238,12881,4.35261237481562
7,43,100,3.71,0,21,10,5,0,2,4,9078,3.87816699713593
12,85,50,4.75,1,4,3,1,0,0,0,57,4.17543859649123
7,6,100,5,0,2,2,0,0,0,0,9703,3.97073070184479
7,33,50,3,0,2,0,1,0,1,0,25222,4.00154626913012
11,59,1000,4.11,0,135,75,24,19,10,7,6715,4.05718540580789
12,43,100,3.59,0,27,7,9,7,1,3,3237,3.94840902069818
13,51,5000,3.61,0,127,59,16,20,7,25,17244,3.946416144746
2.72,9,1,5,0,0,NA,NA,NA,NA,NA,378,3.5978835978836
6,6,20000,3.99,1,1600,809,322,238,100,131,16013,4.10884906013864
9,56,100,4.03,1,30,17,6,2,1,4,49,3.71428571428571
5,5,50,5,0,1,1,0,0,0,0,4,3.75
5.86,5,1000,3.73,0,150,71,23,23,11,22,9308,3.99301675977654
2,2,10000,3.99,1,980,520,180,120,67,93,12309,4.04517020066618
7,6,5000,4.38,0,996,654,178,94,32,38,130598,3.94679091563424
5.66,6,100,3.08,0,13,3,3,3,0,4,2782,4.06901509705248
13,17,5000,4.11,0,792,450,150,88,35,69,4571,3.910741632028
8,7,5000,3.6,1,1254,500,241,207,126,180,88193,4.08089077364417
11,10,1000,3.78,1,299,120,73,55,22,29,433,3.89607390300231
8,7,20000,4.05,0,8904,4640,1964,1121,493,686,19221,4.16809739347589
16,76,100,3.53,1,38,15,9,2,5,7,1088,4.27205882352941
11,10,100,4.6,0,5,3,2,0,0,0,38936,4.12299671255393
11,10,5000,3.72,0,1008,447,201,135,81,144,61895,4.26800226189514
8,7,20000,4.16,0,6860,3906,1326,869,343,416,43676,4.28361113655097
14,12,1000,4.04,1,481,267,86,60,18,50,26473,3.8947606995807
7,6,100,3.6,0,25,10,4,5,3,3,483,4.15527950310559
12,11,20000,3.89,1,2294,1099,449,362,154,230,59903,4.15366509189857
7,50,1000,3.49,0,49,16,11,10,5,7,1290,4.01162790697674
2,56,100,3.07,1,28,11,3,1,3,10,4435,3.69605411499436
6,16,100,3.11,1,27,6,6,5,5,5,9177,3.87403290835785
8,7,1000,4.07,1,267,148,44,40,15,20,2745,4.12568306010929
8,84,20000,3.96,0,8960,4468,1850,1277,583,782,48654,4.2049163480906
8,25,5000,4,0,32,19,5,1,3,4,13127,4.12394301820675
11,22,1000,3.97,1,359,180,74,49,28,28,4508,4.33074534161491
3.66,4,5000,3.19,0,1080,327,170,211,128,244,10600,3.86754716981132
1.68,2,100,3.67,1,12,6,2,1,0,3,1047,3.95606494746896
13,11,100,2.5,0,2,0,1,0,0,1,31,3.7741935483871
13,11,1000,3.82,1,11,5,3,1,0,2,80093,4.00669222029391
11,16,100,2.92,1,12,2,1,6,0,3,18,3.66666666666667
7,9,1000,3.75,0,219,101,36,38,15,29,30643,4.15272656071533
4.81,76,10000,4.16,0,3135,1695,721,416,140,163,24564,3.92887966129295
9,8,5000,4.29,0,761,476,128,90,34,33,5819,4.15191613679326
18,115,100,3.68,0,177,73,36,31,12,25,300,4.15666666666667
7,6,5000,3.63,1,601,245,102,121,55,78,12033,4.02476522895371
16,14,10,3,0,3,0,2,0,0,1,31,3.54838709677419
5,8,1000,3.06,1,31,9,5,5,3,9,8484,3.99516737388025
1.68,2,1000,3.76,1,51,20,13,10,2,6,365,3.94246575342466
7,6,100,3.81,1,21,8,4,6,3,0,44,3.77272727272727
6,7,50,2.67,0,3,1,0,0,1,1,1374,4.0589519650655
13,19,1000,3.76,1,151,70,31,16,12,22,171,3.94152046783626
11,89,100,3.46,0,24,8,5,6,0,5,73595,4.38569196276921
7,6,5000,3.29,0,1042,384,146,158,98,256,3460,3.87080924855491
12,11,100,2,0,3,0,1,0,0,2,5301,4.00113186191285
6,17,100,4.14,0,93,50,18,15,8,2,629,4.16693163751987
6,17,5000,3.28,0,449,165,50,83,49,102,7851,4.21627818112342
8,7,100,3.89,1,9,5,2,0,0,2,88193,4.08089077364417
8,7,100,3.14,0,29,9,4,6,2,8,89,4.06741573033708
11,84,1000,3.98,0,792,398,163,112,54,65,6460,4.14102167182663
6,22,5000,4.04,0,548,305,87,78,29,49,7076,3.96806105144149
11,10,1000,3.76,1,168,77,32,26,7,26,1452,3.73553719008264
9,8,100,4.16,1,31,17,7,4,1,2,2869,3.97455559428372
8,26,100,3.07,0,14,3,2,5,1,3,43,3.18604651162791
3.78,4,1000,3.35,1,79,30,13,11,5,20,105015,3.78960148550207
8,7,100,3.89,0,9,5,2,0,0,2,32724,4.10111844517785
6,145,100,3.83,1,52,23,13,5,6,5,2602,4.15949269792467
8,17,1000,3.96,0,288,133,75,39,18,23,892,3.90134529147982
9,36,20000,4.09,0,4345,2341,878,607,230,289,49327,4.16834593630263
5.65,5,5000,4.06,1,998,526,202,147,46,77,92654,4.25172145832884
3,3,100,3.4,0,15,5,3,2,3,2,268,3.89179104477612
8,10,50,3.8,0,5,3,0,1,0,1,129,3.7906976744186
5.74,59,1000,3.99,0,71,41,7,10,7,6,3161,4.18158810503005
5,5,10,5,0,0,NA,NA,NA,NA,NA,129,3.83720930232558
8,7,20000,3.61,1,5641,2245,1059,999,562,776,70773,4.03831969818999
3.67,4,10000,4.31,1,2072,1314,374,208,73,103,11333,4.39574693373334
7,50,1000,3.49,0,49,16,11,10,5,7,1290,4.01162790697674
8,7,5000,3.69,1,894,396,161,128,78,131,3209,4.27859146151449
11,10,1000,3.64,0,357,155,65,51,25,61,39381,4.06632640105635
8,7,50,4,0,6,2,2,2,0,0,19281,4.1598983455215
22,169,1000,3.38,1,542,195,93,92,49,113,9341,4.14741462370196
8,7,10000,3.7,1,2441,1070,460,373,181,357,39381,4.06632640105635
19,26,1000,3.01,1,205,57,25,43,23,57,5048,4.15966719492868
11,10,1000,3.67,0,215,94,32,40,23,26,2377,4.06352545225074
6,6,1000,4.17,0,505,295,108,36,23,43,2996,4.34879839786382
7,56,5000,4.16,1,1378,747,317,172,66,76,25222,4.00154626913012
7,6,10000,3.84,1,1978,951,368,285,144,230,7069,4.05502899985854
8,11,100,2.81,0,21,5,2,4,4,6,31,3.58064516129032
14,26,100,3.61,0,72,31,14,8,6,13,7385,4.08733920108328
6,6,100,3.67,1,27,9,8,5,2,3,4705,4.04059511158342
11,12,5000,3.45,0,1045,383,181,188,109,184,1490,3.94630872483221
6,21,5000,3.18,0,573,174,96,97,69,137,9827,4.11386995013738
7,47,5000,4.02,0,556,308,90,69,39,50,35262,3.93948159491804
6,76,10000,4.29,1,1741,1074,324,191,73,79,28159,4.18338719414752
7,16,10000,3.71,0,1792,802,331,255,146,258,1702,3.90716803760282
9,65,1000,3.7,1,162,70,32,26,10,24,3373,3.96471983397569
8,10,50,5,0,2,2,0,0,0,0,127,3.8740157480315
11,84,100,3.61,1,18,6,5,4,0,3,435,3.8551724137931
8,7,100000,3.76,1,11062,4663,2418,1868,842,1271,108048,4.05250444247001
18,17,10000,4.17,0,3229,1834,691,340,140,224,3309,4.25052886068299
11,30,10,5,0,0,NA,NA,NA,NA,NA,22621,4.29512399982317
4.83,51,50,2,1,1,0,0,0,1,0,57,3.82456140350877
8,7,100,4.57,1,7,5,1,1,0,0,610,3.81475409836066
5.85,13,1000,3.16,1,602,186,104,97,52,163,25631,3.89473684210526
11,10,100,3.96,1,25,17,0,2,2,4,794,4.27707808564232
9,34,100,4.44,1,18,13,3,0,1,1,1385,4.12490974729242
15,101,1000,3.91,0,646,334,106,94,41,71,29044,4.16027406693293
5,5,1000,4.06,0,197,109,37,25,6,20,2610,4.15823754789272
8,7,100,3.52,1,23,9,3,4,5,2,139223,3.93358137664035
5.69,5,5000,4.26,0,798,469,174,88,30,37,2199,4.23647112323784
6,6,100,4,0,8,5,0,1,2,0,127,3.8740157480315
8,8,5000,4.03,1,579,295,119,87,42,36,23832,4.02043470963411
6,41,5000,4.1,1,939,496,209,124,49,61,9926,3.94922425952045
11,89,100,3.77,0,48,22,8,9,3,6,104269,4.25328717068352
1.72,56,100,4,1,6,3,1,1,1,0,1338,4.09715994020927
5.78,26,10000,3.84,0,1426,659,287,219,112,149,3549,3.98224852071006
11,10,5000,4.23,0,1109,658,217,131,33,70,5781,4.27486594014876
12,11,1000,3.67,0,646,261,140,109,43,93,870,3.89195402298851
8,42,1000,3.5,0,409,158,67,74,41,69,8433,3.87596347681727
1.89,2,100,3.46,0,39,16,8,2,4,9,540,4.10555555555556
12,17,1000,4.21,0,103,60,20,13,5,5,20478,3.91034280691474
6,6,10000,3.6,1,569,243,90,88,59,89,7314,3.93820071096527
4,4,5000,4.28,1,1754,1064,353,184,65,88,15538,4.15619770884284
7,33,100,2.75,0,8,3,0,1,0,4,41623,3.91744948706244
8,7,100,3.9,0,21,9,7,2,0,3,6126,4.31831537708129
5,5,100,4.5,0,6,4,1,1,0,0,10600,3.86754716981132
5.84,5,10000,3.45,0,1312,491,217,228,145,231,32168,3.88454364585924
8,13,10000,3.99,0,2753,1428,522,385,171,247,33148,3.97562447206468
19,21,5000,4.09,0,1561,897,289,149,74,152,9116,4.09291355857832
11,10,100,3.54,1,13,5,3,1,2,2,885,4.15593220338983
3.85,10,50,3.33,0,3,1,1,0,0,1,7676,4.03947368421053
9,48,1000,4.01,1,135,69,25,23,10,8,6632,3.74879372738239
8,9,7,5,0,0,NA,NA,NA,NA,NA,108048,4.05250444247001
11,10,1000,4,0,221,103,59,33,7,19,73119,4.00426701678086
6,13,20000,3.85,1,1124,572,183,153,62,154,15076,4.08496948792783
5,33,100000,3.98,0,13789,6862,2836,2131,901,1059,366898,4.0360808726131
16,14,100,4.05,1,82,43,18,11,2,8,514,4.21789883268483
13,11,100,3.91,0,11,7,1,0,1,2,38,3.47368421052632
9,34,100,3.14,1,28,8,6,3,4,7,1472,3.53464673913043
7,6,100,3.64,1,11,4,4,0,1,2,855,4.26432748538012
6,6,20000,3.96,0,4082,2138,667,637,255,385,45964,3.99865111826647
8,7,10000,3.71,1,903,378,190,143,80,112,12974,3.9657006320333
4.7,17,100,4,1,10,4,3,2,1,0,80093,4.00669222029391
4,4,10000,3.45,1,1412,504,299,211,129,269,21412,4.14926209602092
8,7,5000,3.57,1,309,111,64,63,33,38,5365,3.94594594594595
16,59,1000,3.5,1,222,81,44,42,14,41,3743,3.89714133048357
11,10,100,3.29,0,38,13,5,8,4,8,168,3.73214285714286
5.77,5,10000,3.85,0,2892,1352,574,443,227,296,19735,3.9750696731695
8,84,10000,4.19,0,3679,2077,783,446,192,181,80713,4.18781361119027
14,13,100,4.5,0,113,82,17,7,3,4,7627,4.04772518683624
6,26,100,3.25,0,12,2,2,6,1,1,99,3.64646464646465
13,11,100,4,1,4,3,0,0,0,1,45151,4.03295608070696
11,50,20000,4.22,0,2878,1646,632,324,126,150,36361,3.96752014521053
4,4,5000,3.39,0,783,268,129,155,102,129,32168,3.88454364585924
5.77,16,1000,3.72,0,687,281,151,114,61,80,6570,4.22009132420091
9,50,20000,4.17,0,2440,1415,448,305,116,156,15106,4.007149477029
11,16,10000,3.75,1,1586,716,284,260,118,208,120781,4.15239979798147
7,6,50,4,0,4,3,0,0,0,1,34,4.35294117647059
9,22,1000,4.24,1,131,79,25,14,6,7,4516,4.23184233835252
5.81,34,1000,3.54,1,54,19,8,17,3,7,80093,4.00669222029391
11,59,100,3.66,0,56,20,14,10,7,5,4811,4.19455414674704
11,10,20000,3.69,0,2160,985,356,320,156,343,5281,4.023291043363
8,7,5000,3.53,1,876,355,168,112,70,171,2510,3.90358565737052
11,10,10000,3.65,0,2422,1056,419,375,190,382,78616,4.3104329907398
6,6,5000,4.07,0,844,440,187,114,44,59,10474,3.90853542104258
5,6,5000,4.07,0,824,441,165,112,43,63,32778,4.04835560436878
6,6,5000,3.92,1,609,306,112,88,41,62,1411,3.92345854004252
8,7,5000,4.02,1,1061,536,212,180,63,70,42919,4.10596705421841
13,26,100,4.06,0,113,65,16,15,8,9,3682,4.46306355241716
11,10,100,3.73,0,22,9,5,4,1,3,1746,4.02405498281787
5.65,25,10000,3.65,0,418,180,74,65,36,63,23465,4.01760068186661
4.83,51,50,2,1,1,0,0,0,1,0,57,3.82456140350877
8,16,10000,4.04,0,1589,770,391,248,77,103,3665,4.19427012278308
3,3,100,4.29,1,58,36,13,3,2,4,1050,3.88380952380952
8,7,50,3.88,0,8,5,1,0,0,2,334,3.73652694610778
13,14,10000,3.74,0,1938,870,366,287,159,256,5466,3.94109037687523
11,88,5000,4.1,0,1514,819,323,188,71,113,35751,4.02215322648318
7,22,10,3.5,0,4,1,1,1,1,0,1531,3.76028739386022
5,5,5000,3.97,0,538,287,90,69,41,51,6876,3.77545084351367
6,6,1000,3.84,0,309,146,53,51,32,27,24564,3.92887966129295
13,11,100,4,1,4,3,0,0,0,1,45151,4.03295608070696
3,3,20000,4.12,1,2826,1573,546,374,147,186,55670,4.12148374348841
12,26,5000,4.16,0,663,385,119,84,28,47,18029,4.10061567474624
11,10,100,3.09,1,22,5,5,4,3,5,16487,3.96761084490811
8,118,10000,3.85,0,2519,1158,545,370,181,265,23485,4.02469661486055
5.85,13,1000,3.16,1,602,186,104,97,52,163,25631,3.89473684210526
6,6,100,3.07,0,55,17,6,11,6,15,23161,3.93057294590044
9,57,1000,3.63,0,146,61,32,15,14,24,14442,4.14305497853483
8,7,1000,3.6,0,141,64,22,19,7,29,3771,3.88146380270485
5,5,100,5,0,2,2,0,0,0,0,5316,4.22460496613995
8,7,50,3.71,0,7,4,0,1,1,1,211,3.54502369668246
9,8,20000,3.94,1,4304,2089,901,650,287,377,18877,4.07988557503841
8,7,10000,3.32,1,1061,351,192,184,110,224,88193,4.08089077364417
4.81,5,100,5,1,0,NA,NA,NA,NA,NA,6,4.33333333333333
14,104,100,3.44,1,71,20,17,19,4,11,151,3.76158940397351
8,7,50,3.88,0,8,5,1,0,0,2,334,3.73652694610778
8,26,100,5,0,13,13,0,0,0,0,138,3.65942028985507
7,81,100,3.57,1,23,10,2,5,3,3,7602,3.8566166798211
3,3,100,3.67,0,12,4,3,3,1,1,38100,4.29146981627297
8,8,1000,3.63,0,187,80,33,31,11,32,1761,4.08972174900625
8,10,100,3.5,0,6,3,0,1,1,1,117,3.78632478632479
12,11,5000,3.34,0,887,305,161,140,97,184,1021,3.68168462291871
11,22,100,2.71,1,24,6,2,5,1,10,746,4.01876675603217
8,7,100,3,1,11,3,1,3,1,3,5768,4.48439667128988
8,7,100,4.39,0,111,77,14,10,6,4,1290,4.21240310077519
6,30,1000,3.53,0,325,130,61,48,24,62,383,3.79373368146214
11,26,100,4.25,0,12,8,2,0,1,1,874,4.05491990846682
8,7,100,3.86,1,28,14,4,5,2,3,889,4.39032620922385
8,7,1000,3.58,0,605,210,144,117,56,78,21226,4.01418072175634
9,9,10000,3.74,1,2148,822,539,410,169,208,246312,4.20372535645848
14,12,10,5,0,1,1,0,0,0,0,9217,4.17304979928393
13,11,5000,3.88,1,1224,569,278,175,67,135,56745,3.98107322231034
4.84,5,100,4.09,1,57,30,12,10,0,5,16099,3.95148767004162
5,5,1000,4.11,0,94,54,16,13,2,9,10436,4.04484476811039
14,89,5000,3.43,1,647,227,134,98,64,124,5985,4.23174603174603
3,60,100,3.57,1,28,12,6,2,2,6,1500,3.952
7,6,10000,3.35,0,1786,660,264,301,162,399,3566,3.73247335950645
5,5,50000,3.93,0,7088,3367,1510,1148,469,594,11481,4.09528786691055
9,8,100,4.07,0,27,14,8,1,1,3,34975,4.33658327376698
9,8,1000,4.22,1,237,138,50,26,9,14,96838,4.2646585018278
8,11,1000,4.13,0,127,70,30,10,7,10,173,4.30635838150289
11,10,2,2,0,1,0,0,0,1,0,21307,3.99906134134322
19,17,5000,3.77,0,1163,559,212,135,77,180,15173,3.95999472747644
8,25,10000,3.65,0,2324,1009,401,358,212,344,30292,4.22758484088208
7,6,10000,3.91,0,1797,885,366,230,139,177,9938,4.12487422016502
9,8,100,3.18,1,72,17,19,12,8,16,288,3.72916666666667
12,11,5000,3.11,0,434,146,58,59,38,133,6876,3.77545084351367
8,7,100,3.9,0,21,9,7,2,0,3,6126,4.31831537708129
7,6,1000,3.19,0,245,77,44,39,19,66,9341,4.01295364522
8,17,1000,3.93,1,426,216,77,60,34,39,5807,3.98415705183399
8,7,10,5,1,0,NA,NA,NA,NA,NA,27175,3.96603495860166
11,10,20000,4.32,0,3648,2418,548,327,126,229,4448,4.29226618705036
11,30,1,5,0,0,NA,NA,NA,NA,NA,1380,4.00724637681159
3.7,47,100,3.18,1,11,4,1,1,3,2,359,3.40947075208914
14,12,5000,3.75,1,1892,780,431,317,147,217,16447,4.0304614823372
11,10,5000,4.26,1,1273,735,295,134,55,54,67171,4.10232094207322
18,16,1000,3.63,1,477,181,112,75,43,66,2116,4.14603024574669
12,118,20000,4.29,1,4266,2611,850,449,145,211,165915,4.25607690684989
14,43,1000,4.05,1,167,93,32,18,5,19,22711,3.87204438377879
8,75,50,4.33,0,3,1,2,0,0,0,4773,4.00293316572386
1.77,2,10000,4.03,1,510,267,103,67,35,38,783,4.23754789272031
3.73,9,5000,4.14,0,856,475,171,112,49,49,2293,4.14566070649804
8,22,100,3.92,0,12,7,1,2,0,2,65189,4.0496402767338
18,27,5000,4.09,1,1903,994,449,234,85,141,15855,4.05291706086408
4,4,100,4.07,1,46,23,12,6,1,4,32168,3.88454364585924
5.68,7,10000,3.89,0,1232,588,250,188,81,125,7544,4.05448038176034
14,12,5000,4.06,1,643,365,109,73,33,63,80093,4.00669222029391
1.75,6,50,3,1,2,0,1,0,1,0,2782,4.06901509705248
14,84,100,4.13,1,60,35,10,7,4,4,849,3.70789163722026
8,7,1000,2.75,1,127,29,17,19,17,45,9470,3.95681098204857
6,9,10000,4.04,0,2211,1123,468,354,117,149,55089,4.03294668627131
5.89,5,5000,3.25,0,392,127,65,69,40,91,4295,3.84959254947614
5,5,1000,3.77,1,435,191,87,69,41,47,3883,4.28817924285346
2.71,3,20000,4.03,0,7022,3502,1523,1145,416,436,151249,4.04915734980066
11,10,100,5,0,3,3,0,0,0,0,299,4.24749163879599
16,14,100,4.1,0,10,6,1,2,0,1,16803,4.15503183955246
7,26,5000,4.01,0,542,283,111,69,29,50,8242,4.21669497694734
4,4,50,1,1,1,0,0,0,0,1,254,3.51574803149606
6,6,100,3.13,1,8,3,1,1,0,3,18877,4.07988557503841
8,17,10,5,0,0,NA,NA,NA,NA,NA,8,3.625
4,4,100,4.24,1,41,25,6,7,1,2,3053,3.85849983622666
11,20,10000,3.92,0,2841,1352,636,397,185,271,12371,3.87163527604882
12,59,5000,3.47,0,371,137,64,69,40,61,3592,4.06236080178174
11,11,1000,2.99,0,228,59,38,36,32,63,5264,4.03286474164134
1.91,2,10000,4.05,0,697,385,125,81,48,58,2399,4.10546060858691
5.7,58,50000,3.45,0,8164,2936,1396,1547,970,1315,96276,4.0962337446508
8,17,5000,4.47,0,907,601,187,84,16,19,1963,4.39735099337748
9,8,1000,3.58,0,81,29,20,13,7,12,13814,3.85688432025481
5.72,9,100,2.5,0,4,1,0,0,2,1,1373,3.89949016751639
2,10,100,3.2,0,10,3,1,3,1,2,8225,3.99063829787234
9,9,1000,4.16,0,129,81,19,12,3,14,16527,3.94015852846857
15,13,10,4,0,4,2,1,0,1,0,331,4.02114803625378
20,17,50,4.17,0,12,7,2,2,0,1,26,3.92307692307692
6,9,1000,3.67,1,304,126,66,44,23,45,3300,4.02424242424242
3,3,1000,3.08,1,109,26,25,17,14,27,7936,3.96459173387097
9,10,10000,4.15,0,2587,1511,479,275,115,207,5808,4.30699035812672
8,8,10000,3.98,1,1612,777,367,241,112,115,35262,3.93948159491804
12,75,100,2.82,1,28,7,3,6,2,10,29,3.03448275862069
11,13,100,3.8,1,5,2,2,0,0,1,23832,4.02043470963411
9,22,100,3.3,1,10,2,2,4,1,1,16099,3.95148767004162
7,6,1000,4.33,0,144,91,28,15,2,8,10963,4.32390768950105
5.92,9,100,3.71,1,17,7,3,4,1,2,5106,4.21288679984332
8,48,1000,4.34,0,794,500,152,86,26,30,3403,4.33734939759036
11,134,100,3.54,1,28,7,11,4,2,4,1926,4.07165109034268
8,7,10000,3.62,1,2069,884,343,331,184,327,12006,3.90121605863735
15,115,50000,3.94,1,6735,3278,1411,998,431,617,165915,4.25607690684989
8,7,20000,3.59,1,2189,917,374,331,223,344,12309,4.04517020066618
1.68,2,1000,3.95,1,238,129,42,27,7,33,12309,4.04517020066618
24,59,1000,4.21,1,762,461,150,64,24,63,4084,4.30827619980411
5.65,26,100,3.67,0,33,14,7,4,3,5,3028,4.29920739762219
13,11,100,4.35,0,26,18,4,1,1,2,21,4.04761904761905
16,106,100,4.07,0,76,38,21,5,8,4,15551,4.2336827213684
5.83,5,100,4.36,0,22,13,5,3,1,0,17471,3.95283612844142
7,7,5000,3.32,0,579,190,108,94,70,117,4213,4.05839069546641
8,27,5000,3.98,1,921,447,203,145,62,64,41906,4.2164129241636
14,12,5000,4.06,1,643,365,109,73,33,63,80093,4.00669222029391
5.65,9,5000,4.23,0,1002,590,195,124,41,52,5534,4.0889049512107
1.8,2,1000,3.68,1,76,35,10,13,8,10,4230,4.04137115839243
7,6,100,3,1,22,5,3,7,1,6,3060,3.93496732026144
1.75,6,50,3,1,2,0,1,0,1,0,2782,4.06901509705248
9,108,1000,4.06,0,252,136,52,31,10,23,5934,3.84951129086619
12,11,1000,3.49,0,201,73,44,29,18,37,779,3.77663671373556
8,7,1000,3.84,0,132,56,34,20,9,13,2055,3.83795620437956
5,5,100,4.5,0,6,4,1,1,0,0,10600,3.86754716981132
11,10,1000,3.74,1,54,23,11,10,3,7,73271,3.95444309481241
8,7,10000,3.54,0,2006,748,417,331,194,316,13946,4.00014341029686
7,6,100,4,0,6,3,1,1,1,0,1559,4.03912764592688
6,13,1000,3.51,0,79,26,17,18,7,11,13979,3.87073467343873
6,22,1000,4.19,1,201,108,50,27,6,10,3439,4.41727246292527
13,25,100,3.42,1,79,29,16,10,7,17,27764,3.95040340008644
7,50,1000,4.08,1,408,212,89,56,29,22,12763,3.96748413382434
13,11,1000,3.5,1,64,28,7,9,9,11,12919,4.02446009753077
12,14,50,3.88,0,8,2,4,1,1,0,52,3.88461538461538
5.71,13,1000,4.23,1,317,194,59,29,13,22,3709,4.24265300620113
11,51,100,3,1,4,1,1,0,1,1,17222,4.00127743583788
3.79,49,20000,3.93,0,8412,4299,1527,1177,527,882,56999,4.04682538290145
8,10,100,3.39,0,18,5,6,1,3,3,290,3.68275862068965
2,3,20000,4.09,0,6689,3566,1389,942,352,440,151249,4.04915734980066
6,22,1000,3.74,0,518,240,89,77,37,75,4233,4.01677297424994
6,6,50,4.2,0,15,9,2,3,0,1,144,3.72222222222222
13,11,100,3.75,0,4,1,1,2,0,0,18029,4.10061567474624
8,25,1000,4.25,1,220,136,35,28,9,12,4072,3.90029469548134
7,6,100,5,0,0,NA,NA,NA,NA,NA,0,5
11,10,5000,4.05,0,654,340,129,106,35,44,8117,4.0649254650733
11,152,1000,3.91,0,808,381,180,110,68,69,87178,3.90835990731607
8,7,5000,3.8,1,757,360,132,116,55,94,246312,4.20372535645848
1.65,2,1000,3.67,1,191,89,26,31,14,31,5654,3.95879023700035
8,22,10000,3.7,0,904,395,177,135,64,133,6651,4.08479927830401
12,11,1000,3.76,1,899,390,198,130,65,116,1990,4.04673366834171
9,8,10000,3.84,1,1982,938,384,292,136,232,66644,4.13758177780445
8,7,20000,3.33,0,3216,1138,523,521,324,710,54504,3.80168428005284
5,51,10,5,0,0,NA,NA,NA,NA,NA,295,3.98983050847458
11,50,100,3,1,9,2,1,3,1,2,17,2.94117647058824
11,10,1000,4.29,0,410,247,89,40,15,19,1733,3.84246970571264
9,8,5000,3.75,0,429,185,83,81,30,50,1029,3.82118561710398
7,13,10000,3.12,0,567,170,89,91,72,145,5934,3.84951129086619
6,6,100,3.93,0,41,20,7,9,1,4,151249,4.04915734980066
7,14,100,4.24,0,50,29,12,4,2,3,1160,4.14396551724138
1.65,2,1000,3.67,1,191,89,26,31,14,31,5654,3.95879023700035
11,106,20000,3.92,1,10150,4974,2091,1409,655,1021,25093,4.06866456780776
11,85,1000,4.08,1,454,231,118,49,21,35,895,4.3340782122905
7,6,1000,4.12,0,442,220,111,72,23,16,1369,4.06135865595325
8,72,1000,4.01,0,153,85,22,24,7,15,4136,3.91247582205029
15,13,5000,3.95,0,1632,836,306,221,103,166,32323,4.04049747857563
9,46,100,4.86,0,7,6,1,0,0,0,2228,4.22800718132855
7,6,10000,4.41,0,3078,2050,550,276,87,115,11264,4.10138494318182
11,10,100,3.08,1,39,11,8,3,7,10,103,3.68932038834951
6,10,1000,3,0,87,22,10,23,10,22,232,3.67672413793103
8,10,100,4.07,0,58,27,18,7,2,4,123,4.04065040650407
2,2,100,2.92,1,12,2,2,4,1,3,366,3.97540983606557
8,13,100,4.04,0,57,29,16,2,5,5,4516,4.23184233835252
22,159,1000,4.04,0,235,127,49,26,7,26,541,4.09796672828096
11,10,1000,3.89,0,140,66,35,15,5,19,124563,4.19358878639725
6,6,1000,3.73,1,142,56,32,30,8,16,3053,3.85849983622666
6,38,5000,4.22,0,958,571,171,116,53,47,213709,4.29389964858757
9,50,100,3.84,1,37,16,10,3,5,3,3237,3.94840902069818
12,11,20000,3.64,1,1711,702,339,272,144,254,55499,4.13888538532226
6,6,20000,3.71,1,2706,1095,597,464,222,328,6714,4.07327971403038
9,33,5000,3.81,0,719,356,111,103,59,90,139788,4.16650928548946
18,47,100,4.62,0,34,27,4,1,1,1,1465,4.22662116040956
11,108,5000,2.95,0,299,72,47,59,36,85,2608,3.87308282208589
13,13,1000,3.7,0,332,149,56,57,20,50,4048,4.06447628458498
11,38,20000,3.66,1,8971,3598,1821,1607,808,1137,73701,4.10512747452545
11,10,1000,4.09,0,100,59,16,10,5,10,6300,4.07809523809524
11,10,100,4.14,0,51,29,9,8,1,4,16994,4.2636812992821
9,34,50,5,0,0,NA,NA,NA,NA,NA,14676,4.07420278004906
6,7,50,2.67,0,3,1,0,0,1,1,1374,4.0589519650655
2.83,3,20000,3.62,1,1742,732,322,264,147,277,3791,3.91875494592456
7,159,5000,3.39,0,1632,584,289,276,149,334,8547,4.08178308178308
15,28,100,3.23,1,69,25,9,8,11,16,897,3.85061315496098
14,68,5000,3.44,1,734,248,153,135,67,131,13075,4.22646271510516
12,14,10,5,0,0,NA,NA,NA,NA,NA,52,3.88461538461538
5.81,30,100,2.61,0,18,3,2,5,1,7,26473,3.8947606995807
16,22,100,3.15,1,72,20,17,9,6,20,79,3.41772151898734
7,6,100,3.8,0,61,28,11,12,2,8,139607,4.21638599783678
8,42,1000,3.95,0,449,230,87,60,25,47,47981,4.02536420666514
12,13,10000,3.56,0,893,364,140,157,92,140,117487,4.08773736668738
11,76,1000,4.1,1,364,212,61,38,20,33,6343,4.14914078511745
11,14,1000,3.93,0,651,333,114,97,39,68,6383,4.27949240169199
5.69,5,5000,3.61,0,437,183,80,63,42,69,2114,4.2275307473983
12,11,100,3.28,1,40,10,11,8,2,9,7936,3.96459173387097
7,6,100,3.6,0,25,10,4,5,3,3,483,4.15527950310559
7,13,50000,3.35,1,9075,2998,1514,1827,1136,1600,839882,4.10375981387862
5.66,5,10000,4.29,1,2068,1245,418,247,68,90,2174765,4.35618790995809
8,7,20000,3.39,0,2877,1046,453,522,289,567,402743,4.15671532466114
5,5,10000,3.88,1,1109,555,182,172,81,119,59903,4.15366509189857
14,13,5000,4.16,0,2082,1201,398,241,94,148,5841,4.21777092963534
6,47,1000,4.28,0,134,84,19,22,2,7,25914,3.86231380720846
8,7,10000,4.02,0,2694,1383,591,342,153,225,10258,4.24371222460519
5.83,5,100,4.36,0,22,13,5,3,1,0,17471,3.95283612844142
11,21,1000,4.08,0,545,295,113,65,27,45,33303,3.98162327718224
1.85,11,100,3.9,0,97,49,16,14,9,9,91631,3.83793694273772
9,8,5000,3.61,1,1926,740,405,345,164,272,73271,3.95444309481241
8,56,10000,3.59,1,1285,469,286,252,94,184,1260,3.7952380952381
3,3,50000,3.81,0,11408,5065,2342,1964,890,1147,151249,4.04915734980066
6,17,5000,3.9,1,813,387,168,120,65,73,22765,4.23817263342851
3.86,6,50,4,0,6,3,0,3,0,0,4098,3.86090775988287
9,8,5000,4.03,0,827,445,159,103,45,75,124563,4.19358878639725
5.89,5,5000,3.25,0,392,127,65,69,40,91,4295,3.84959254947614
11,17,1000,3.62,0,462,189,89,74,41,69,5880,4.13639455782313
8,7,20000,3.95,1,9337,4487,1955,1532,658,705,40245,3.99758976270344
8,140,10000,4.17,1,1910,1141,329,212,88,140,2050,4.16780487804878
11,168,10,3.33,0,3,0,2,0,1,0,47,3.91489361702128
11,168,10,3.33,0,3,0,2,0,1,0,47,3.91489361702128
8,7,100,2,0,2,0,0,1,0,1,14676,4.07420278004906
2,8,50,3.88,0,8,5,1,0,0,2,7248,3.94301876379691
5.66,5,100,3.41,1,27,8,8,4,1,6,1129,3.83348095659876
9,8,100,4.1,0,10,5,3,1,0,1,4402,4.02294411631077
8,9,100,4.08,1,61,38,6,8,2,7,1585,4.07697160883281
9,8,1000,3.78,0,282,127,47,58,20,30,16523,4.03873388609817
2.76,17,1000,4.33,1,49,28,13,5,2,1,11505,4.13672316384181
3.83,4,100,3.57,0,67,27,15,6,7,12,5654,3.95879023700035
7,9,10000,4.47,1,1838,1253,351,139,42,53,8727,4.16179672281425
6,43,1000,3.46,0,566,239,71,85,56,115,36361,3.96752014521053
8,21,100,4.06,0,36,20,6,5,2,3,5781,4.27486594014876
8,9,1000,4.16,1,45,28,4,9,0,4,21012,3.88516086046069
2.66,3,100,2.67,1,12,1,4,2,0,5,66644,4.13758177780445
8,85,20000,3.37,0,5685,1813,1162,1071,609,1030,402743,4.15671532466114
8,7,1000,3.55,1,120,47,21,20,15,17,7348,4.13745236799129
3.67,9,5000,3.32,0,510,181,83,77,58,111,253249,4.07061824528429
12,81,20000,4.08,0,1799,960,346,285,97,111,151914,4.12792106060008
13,11,20000,4.06,1,4378,2301,939,572,248,318,44067,4.28849252274945
9,8,5000,3.89,1,740,361,137,117,53,72,24771,4.04795930725445
9,85,50,4.63,1,8,5,3,0,0,0,54,4.18518518518519
8,7,100,3.38,0,42,16,6,7,4,9,198,3.83838383838384
12,11,10000,4.14,0,3560,1950,776,428,184,222,19521,3.98483684237488
5,75,100,3.8,1,15,7,3,2,1,2,17612,3.88967749261867
6,6,5000,4.27,0,901,528,197,105,32,39,9486,4.17699768079275
14,12,1000,3.7,0,511,211,107,89,39,65,47356,4.05688825069685
8,7,5000,4.34,0,719,460,128,71,34,26,15348,4.01381287464165
8,59,20000,4.03,1,5929,3030,1257,884,326,432,15006,4.08356657337065
8,7,20000,3.41,0,5781,1964,1029,1167,684,937,32923,4.20915469428667
18,16,20000,4.23,0,4421,2638,851,473,213,246,18910,4.38741406663141
3.93,24,100,3.54,0,57,24,10,5,9,9,2399,4.2134222592747
11,10,100,3.12,1,25,5,6,5,5,4,7076,3.96806105144149
6,6,100,3.67,1,27,9,8,5,2,3,4705,4.04059511158342
8,7,1000,4.37,0,578,367,122,50,15,24,17816,4.17944544229906
11,59,100,4.33,1,3,2,0,1,0,0,38258,3.95543415756182
7,26,5000,4.01,0,542,283,111,69,29,50,8242,4.21669497694734
12,11,100,5,1,0,NA,NA,NA,NA,NA,6,4.5
11,10,100,3.56,1,71,29,10,15,6,11,2782,4.06901509705248
11,10,100,3.96,0,98,46,24,14,6,8,5070,4.2767258382643
3,3,50,4.25,0,4,3,0,0,1,0,28,4.03571428571429
5,8,5000,3.51,1,747,270,138,157,64,118,5019,4.06953576409643
9,43,1000,4.74,0,47,40,3,3,1,0,4773,4.00293316572386
8,7,1000,3.61,0,233,91,57,28,17,40,32858,3.88553776857995
9,8,20000,3.88,1,6360,3029,1251,982,455,643,40616,4.09855721883002
11,10,20000,3.73,0,8609,3624,1733,1531,761,960,32394,3.9246774093968
11,84,20000,3.53,0,3572,1328,706,611,377,550,11965,4.0171333054743
7,6,10000,4.34,0,3079,1891,631,367,99,91,9661,4.29324086533485
3.93,4,100,4.4,1,10,7,2,0,0,1,3791,3.91875494592456
7,6,100,3.67,1,18,7,3,5,1,2,12309,4.04517020066618
8,7,100,4,0,13,5,5,1,2,0,129,3.7906976744186
7,6,5000,4.38,0,996,654,178,94,32,38,130598,3.94679091563424
3.7,9,10,2.25,0,4,0,0,2,1,1,72,3.77777777777778
8,51,100,4.29,0,31,19,5,5,1,1,5846,3.83253506671228
8,7,1000,4.11,0,439,252,76,55,19,37,14298,4.26059588753672
3.94,8,100,3.9,0,21,10,5,2,2,2,189,4.06878306878307
15,13,1000,4.41,0,277,177,58,28,6,8,1038,4.25433526011561
5,5,1000,3.74,1,149,63,33,23,11,19,55499,4.13888538532226
5.77,5,100,4,1,4,1,2,1,0,0,8996,3.91574032903513
4.67,4,100,2.88,1,82,18,11,21,7,25,7497,4.07936507936508
11,10,100,3.29,0,49,15,8,12,4,10,168,3.73214285714286
5.9,5,5000,3.26,0,531,171,92,91,58,119,7069,4.05502899985854
3.7,47,100,3.18,1,11,4,1,1,3,2,359,3.40947075208914
5,5,1000,3.77,1,435,191,87,69,41,47,3883,4.28817924285346
9,8,5000,3.65,0,878,381,145,144,83,125,3915,3.98620689655172
16,18,100,3.88,0,69,33,15,10,2,9,37753,3.82856991497364
6,6,10000,4.34,0,1669,1032,341,185,57,54,2736,4.32383040935673
16,26,1000,3.67,0,450,184,85,85,42,54,12322,4.23754260671969
3.76,4,1000,3.34,0,95,33,17,15,9,21,3804,4.1096214511041
8,30,1000,4.01,1,270,141,55,32,20,22,2212,4.20931283905967
11,10,100,3.13,1,45,11,11,7,5,11,364,3.38186813186813
8,7,100,3.33,1,3,1,1,0,0,1,619,4.36833602584814
12,11,1000,4.05,0,614,339,114,70,34,57,45151,4.03295608070696
8,9,5000,4.07,1,775,411,158,102,56,48,42919,4.10596705421841
11,10,100,3.32,1,28,11,3,3,6,5,1151,4.3249348392702
5,5,10000,3.94,0,2557,1228,552,394,165,218,32168,3.88454364585924
5,76,1000,3.77,1,404,173,87,68,31,45,25093,4.06866456780776
7,6,1000,3.8,1,46,22,9,6,2,7,1685,3.81127596439169
8,7,5000,4.02,1,1269,639,288,173,72,97,39395,4.05442315014596
15,15,3,5,0,0,NA,NA,NA,NA,NA,4150,4.25228915662651
12,11,1000,3.81,0,341,163,63,48,21,46,2248,4.15035587188612
7,6,100,4.15,0,27,16,5,3,0,3,18529,4.13594905283609
13,68,5000,3.97,1,1020,486,239,161,49,85,165915,4.25607690684989
9,59,100,3.69,0,29,12,5,6,3,3,3300,4.02424242424242
5,5,100,3,0,45,14,3,10,5,13,9857,4.05397179669271
14,93,1000,4.24,1,254,147,57,26,11,13,90105,4.20129848510072
7,16,10000,3.94,1,1116,583,189,153,80,111,3977,4.14533568016093
13,84,10000,4.07,1,2328,1184,545,329,116,154,22173,4.20340053217878
2,6,1000,4.03,1,31,15,8,3,4,1,31138,4.11744492260261
4.73,7,100,4.4,1,86,57,16,6,4,3,31138,4.11744492260261
11,37,20000,3.42,0,7596,2679,1403,1317,793,1404,58068,4.31018805538334
8,122,5000,4,1,1355,716,272,155,75,137,3532,4.19960362400906
4.74,20,5000,4.05,0,784,410,160,113,44,57,213709,4.29389964858757
8,7,10000,3.28,0,1649,570,245,276,190,368,6818,3.98239953065415
8,7,100,3.83,0,6,3,1,1,0,1,211,3.54502369668246
8,30,100,3.47,0,34,13,7,4,3,7,11030,3.95258386219402
5.95,6,100,3.21,1,48,14,13,4,3,14,2363,3.8535759627592
3.65,9,100,3.38,1,8,3,2,0,1,2,8888,4.24324932493249
2.81,3,5000,3.91,0,940,453,198,124,78,87,42919,4.10596705421841
4.66,5,10000,4.28,0,1594,973,300,187,58,76,85562,4.39459105677754
5,5,10,5,0,0,NA,NA,NA,NA,NA,129,3.83720930232558
5,16,1000,4.23,1,62,39,10,5,4,4,10501,4.02923531092277
8,7,100,3.33,1,3,1,1,0,0,1,619,4.36833602584814
13,11,1000,3.53,1,302,125,47,47,29,54,4524,3.86538461538462
8,7,5000,4.3,0,830,523,147,87,32,41,9200,4.28967391304348
8,85,100,3.5,0,2,0,1,1,0,0,59234,3.98705135564034
7,6,100,4.07,0,30,18,4,4,0,4,16803,4.15503183955246
12,11,1000,3.37,1,928,378,116,117,102,215,2397,3.86065915727993
5,5,1000,3.68,1,155,67,26,26,18,18,10600,3.86754716981132
13,33,1000,3.88,1,122,59,27,14,6,16,114,4.14912280701754
14,75,10000,4.15,0,2514,1375,544,332,122,141,27719,4.07063746888416
7,6,10000,3.48,1,2504,892,491,456,247,418,25260,3.99560570071259
6,6,20000,3.74,1,6509,2620,1456,1235,515,683,11740,4.11379897785349
8,7,5000,4.1,1,1512,845,294,179,72,122,92005,4.31624368240856
5,30,100,3.69,0,13,5,2,4,1,1,16215,3.84002466851681
11,10,100,3.54,1,13,5,3,1,2,2,885,4.15593220338983
5.65,33,10,5,0,0,NA,NA,NA,NA,NA,28798,4.03701645947635
3.76,7,50,3.5,0,8,4,1,0,1,2,3730,3.88042895442359
7,6,100,4.57,1,23,16,4,3,0,0,105684,4.43093561939366
4.67,4,10000,4.28,1,936,597,164,84,25,66,96838,4.2646585018278
11,10,100,3.29,0,49,15,8,12,4,10,168,3.73214285714286
2.8,3,100,3.17,1,6,1,1,3,0,1,4595,4.25810663764962
16,25,10,4.5,1,4,3,0,1,0,0,676,4.01479289940828
9,17,100,3.63,0,92,35,25,7,13,12,3190,4.28996865203762
7,9,5000,3.83,1,1169,557,216,174,83,139,33705,4.13493546951491
16,14,100,4,0,11,5,3,2,0,1,3588,4.14827201783724
9,34,50,4,0,5,3,0,1,1,0,537,4.45810055865922
3,26,100,2,1,3,0,1,0,0,2,12016,3.95464380825566
6,6,5000,3.83,1,1458,615,357,248,92,146,67171,4.10232094207322
12,72,1000,3.93,0,566,284,107,78,43,54,44840,4.33746654772525
6,34,100,3.8,0,10,4,4,0,0,2,3897,3.92891968180652
13,13,1000,4.16,0,138,82,27,10,7,12,12913,3.9813366374971
9,19,5000,3.97,1,588,317,100,66,44,61,1181,4.01524132091448
9,26,20000,3.6,0,1193,500,218,171,110,194,22711,3.87204438377879
5,5,100,3.06,0,65,18,10,13,6,18,2248,4.15035587188612
16,84,100,3.41,0,27,11,5,3,0,8,9940,4.0489939637827
11,14,20000,3.76,1,8029,3689,1502,1160,592,1086,17760,4.13710585585586
2,10,100,3.2,0,10,3,1,3,1,2,8225,3.99063829787234
8,7,100,3.43,0,23,9,4,2,4,4,24132,4.13094646113045
7,7,10000,3.55,0,793,303,154,134,81,121,59234,3.98705135564034
14,12,1000,3.82,0,176,88,30,22,11,25,99800,4.29579158316633
12,26,5000,4.16,0,663,385,119,84,28,47,18029,4.10061567474624
7,6,100,3.72,0,47,19,12,6,4,6,17655,4.12783913905409
8,7,100,2.79,0,14,5,1,0,2,6,7012,4.33670849971477
8,7,1000,3.91,0,102,50,20,15,7,10,2076,4.09730250481696
14,86,1000,4.08,0,546,302,108,58,35,43,62240,4.26547236503856
6,32,5000,3.47,0,536,213,89,81,44,109,17120,3.89889018691589
11,10,20000,3.63,1,2633,1097,482,430,227,397,12441,3.92468451089141
8,26,1000,4.19,1,54,35,7,4,3,5,65189,4.0496402767338
14,12,10,4,1,2,1,0,1,0,0,514,3.87548638132296
5,127,100,2.79,0,19,4,4,2,2,7,9357,4.22539275408785
11,10,100,4.25,0,20,12,4,2,1,1,360,4.23055555555556
4.81,30,3,5,0,0,NA,NA,NA,NA,NA,11378,3.99050799789067
9,21,100,3.51,0,47,17,10,6,8,6,9827,4.11386995013738
11,70,10,2,0,2,0,0,0,2,0,528,3.87310606060606
12,11,1000,3.85,1,398,188,75,64,29,42,3727,3.86369734370808
6,140,1000,4.09,0,538,299,105,63,25,46,2464,4.03125
3.87,15,100,4.53,1,43,32,6,3,0,2,4501,4.23217062874917
5,5,50,5,0,1,1,0,0,0,0,4,3.75
11,11,1000,3.75,0,213,97,35,38,16,27,17120,3.89889018691589
8,7,10000,3.54,0,2006,748,417,331,194,316,13946,4.00014341029686
5,30,100,3.69,0,13,5,2,4,1,1,16215,3.84002466851681
14,25,100,3.8,1,50,23,9,8,5,5,230,3.90869565217391
3,3,1000,3.08,1,109,26,25,17,14,27,7936,3.96459173387097
9,8,10000,3.91,1,3101,1506,654,417,217,307,12004,4.07922359213595
3.83,4,100,3.57,0,67,27,15,6,7,12,5654,3.95879023700035
6,6,100,3.67,1,27,9,8,5,2,3,4705,4.04059511158342
9,8,5000,3.08,0,777,213,133,133,97,201,10474,3.90853542104258
12,16,10000,3.01,0,1322,373,194,213,152,390,17120,3.89889018691589
7,159,5000,3.39,0,1632,584,289,276,149,334,8547,4.08178308178308
11,10,10000,4.09,1,2324,1222,492,345,117,148,14095,4.08967719049308
3.76,7,50,3.5,0,8,4,1,0,1,2,3730,3.88042895442359
11,159,1000,3.67,0,585,237,129,84,59,76,16085,3.87802300279764
11,26,1000,3.95,0,596,304,112,86,36,58,5534,3.99981929887965
13,30,20000,2.93,0,3421,863,469,621,510,958,200089,4.09666698319248
5.77,9,100,2.9,0,62,16,8,13,4,21,2044,4.00293542074364
5,5,100,3.91,0,43,22,9,4,2,6,10474,3.90853542104258
11,10,5000,3.34,0,1897,669,302,328,196,402,5660,3.95830388692579
6,17,100,3.47,0,55,22,9,6,9,9,7851,4.21627818112342
5,5,1000,3.34,0,252,80,44,57,23,48,15948,4.09474542262353
6,7,50,2.67,0,3,1,0,0,1,1,1374,4.0589519650655
8,7,1000,3.47,1,378,145,67,54,44,68,4434,4.06472710870546
11,10,1000,3.74,1,54,23,11,10,3,7,73271,3.95444309481241
5,127,100,2.79,0,19,4,4,2,2,7,9357,4.22539275408785
7,6,1000,3.28,1,141,44,29,21,17,30,12309,4.04517020066618
12,11,10000,3.25,0,1276,431,195,205,146,299,6158,3.79473855147775
2,9,100,3.67,1,12,5,3,1,1,2,111,3.8018018018018
4,4,100,3.1,1,21,4,5,5,3,4,22615,4.07822241874862
11,11,10000,3.75,0,1520,660,322,231,119,188,2975,4.18084033613445
13,15,100,3.49,0,55,21,11,6,8,9,3276,4.42857142857143
6,17,10000,4.35,0,3279,2091,612,336,109,131,110548,4.14366609979376
12,100,100,3.68,0,40,16,8,7,5,4,4758,4.24358974358974
12,11,5000,3.96,0,247,135,37,32,17,26,31916,4.10577766637423
14,126,100,4.09,1,150,76,37,19,10,8,14291,4.18473164928976
11,10,100,4.38,1,8,6,1,0,0,1,120,4.28333333333333
14,97,100,4.23,0,44,20,16,7,0,1,878,4.21070615034169
9,9,1000,3.37,0,238,86,40,37,26,49,28694,3.89384540322019
11,10,100,3.8,1,10,5,1,2,1,1,247,3.94331983805668
3.7,58,5000,3.47,1,835,342,113,143,68,169,21012,4.18984389872454
9,48,10000,4.02,1,840,439,171,102,60,68,42919,4.10596705421841
3.85,7,1000,4.18,1,142,81,26,22,6,7,31138,4.11744492260261
8,49,1000,3.49,1,154,55,33,25,15,26,5422,3.9889339727038
14,12,1000,3.87,1,186,90,38,24,12,22,288,3.72916666666667
11,250,20000,3.64,0,3397,1342,691,618,301,445,402743,4.15671532466114
6,6,5000,3.75,0,506,226,106,65,41,68,2127,3.81758345086977
8,7,5000,3.39,0,1248,440,207,233,139,229,14194,4.04121459771735
5.74,5,10000,3.61,1,2366,981,434,368,220,363,59903,4.15366509189857
11,10,100,3.09,1,22,5,5,4,3,5,16487,3.96761084490811
2,2,1000,4.13,1,143,82,28,15,5,13,1055,4.03601895734597
8,7,1000,3.42,0,373,144,57,60,35,77,1322,3.96520423600605
8,7,1000,3.81,1,166,77,31,28,10,20,6357,4.25420795972943
2,2,1000,4.19,0,81,50,14,6,4,7,126370,4.14695734747171
11,10,5000,3.13,0,908,268,132,169,129,210,2127,3.81758345086977
11,20,20000,3.56,0,3929,1417,804,786,411,511,33839,3.96238068500842
8,7,10,5,1,0,NA,NA,NA,NA,NA,27175,3.96603495860166
5,85,5000,3.7,1,296,133,45,52,29,37,18138,3.83151394861616
9,8,100,3.7,0,27,11,4,6,5,1,104,3.89423076923077
9,8,5000,3.68,0,856,358,169,147,64,118,5083,3.94747196537478
7,6,100,3.95,0,65,30,17,10,1,7,1047,3.95606494746896
9,9,20000,4.1,0,4874,2616,1011,657,284,306,20681,3.99937140370388
11,11,5000,3.59,1,1329,515,265,238,115,196,246312,4.20372535645848
2,2,100,2.57,1,7,1,1,2,0,3,12919,4.02446009753077
14,12,20000,3.61,1,5891,2246,1221,1098,506,820,14553,3.91527520098949
7,26,10000,3.86,0,2092,1009,399,300,143,241,5534,3.99981929887965
8,7,10000,3.66,1,1467,624,262,246,122,213,8563,3.89711549690529
13,11,10000,3.87,1,2731,1223,644,419,178,267,16447,4.0304614823372
12,85,50,4.75,1,4,3,1,0,0,0,57,4.17543859649123
8,7,10000,4.13,0,1312,705,296,162,79,70,7356,4.05301794453507
8,68,8,5,0,0,NA,NA,NA,NA,NA,626,3.91693290734824
11,10,1000,3.8,1,75,35,12,12,10,6,3762,3.79744816586922
5,5,100,3.97,0,30,16,5,5,0,4,10600,3.86754716981132
5.75,16,100,4.26,1,27,18,4,2,0,3,36,4.44444444444444
8,7,5000,3.32,1,743,243,122,142,99,137,4178,3.93752991862135
7,6,100,3.95,0,65,30,17,10,1,7,1047,3.95606494746896
6,7,50,4,1,4,2,1,0,1,0,139788,4.16650928548946
11,19,20000,3.78,1,2729,1334,459,339,201,396,4336,4.00322878228782
5.65,6,1000,3.96,1,164,86,26,28,8,16,12309,4.04517020066618
8,8,5000,4.14,0,555,304,122,68,23,38,9678,3.79995866914652
5,5,5000,3.6,0,763,308,146,130,55,124,5995,4.02885738115096
11,10,10000,4.05,1,1479,754,329,219,73,104,5816,3.93638239339752
49,42,100,4.67,0,6,4,2,0,0,0,29977,4.22313773893318
5,5,100,4.83,1,6,5,1,0,0,0,231,3.03896103896104
4.66,11,100,2.92,1,24,9,0,4,2,9,8443,4.27573137510364
7,6,100,3,1,22,5,3,7,1,6,3060,3.93496732026144
19,17,1000,3.4,1,255,96,44,37,23,55,18762,3.76057989553353
23,118,100,3.86,0,118,63,16,16,6,17,8117,4.0649254650733
9,10,100,3.84,1,51,27,6,8,3,7,1078,3.65120593692022
6,34,1000,3.41,0,106,35,19,22,14,16,2044,4.00293542074364
14,92,100,3.92,0,25,8,11,4,0,2,7328,4.22762008733624
22,19,20000,3.66,1,1103,461,218,170,94,160,4107,4.09690771852934
8,7,1000,2.98,1,108,36,9,17,9,37,942,3.4755838641189
2.66,3,100,2.67,1,12,1,4,2,0,5,66644,4.13758177780445
2,9,100,3.47,0,32,11,6,5,7,3,4856,4.16762767710049
16,14,10000,4.34,0,3075,1974,581,275,91,154,17621,4.30117473469156
11,11,1000,3.75,0,213,97,35,38,16,27,17120,3.89889018691589
14,12,1000,3.74,0,582,252,117,95,46,72,32858,3.88553776857995
16,16,2,5,0,0,NA,NA,NA,NA,NA,693,4.3030303030303
8,8,1000,4.18,0,668,385,126,85,33,39,5226,4.00574052812859
9,8,5000,4.22,1,827,471,185,96,36,39,14275,4.09141856392294
14,12,100,4.23,0,65,41,8,10,2,4,3520,4.16988636363636
11,10,10000,3.76,1,1546,662,328,252,129,175,55499,4.13888538532226
15,109,1000,3.96,0,382,190,83,48,25,36,51369,3.96826880024918
4,4,50,1,1,1,0,0,0,0,1,254,3.51574803149606
5.75,5,10,5,1,0,NA,NA,NA,NA,NA,3,2.33333333333333
9,8,1000,3.29,1,99,40,12,10,11,26,88193,4.08089077364417
6,6,1000,3.21,0,362,117,60,52,48,85,5914,4.15539398038553
8,7,10000,4.09,0,1087,626,176,138,48,99,4019,3.96093555610848
5.73,5,1000,3.69,1,182,82,30,27,17,26,3396,4.27944640753828
8,7,20000,3.9,0,3700,1783,730,566,258,363,9492,4.13000421407501
11,10,1000,3.35,1,85,27,16,17,10,15,3668,3.89503816793893
8,7,50,3.67,1,6,2,1,2,1,0,519,3.79190751445087
7,17,10,5,0,2,2,0,0,0,0,46,3.60869565217391
4,6,50000,4,0,10927,5479,2331,1605,665,847,13665,4.09469447493597
13,11,100,3.22,0,9,5,0,0,0,4,111,3.8018018018018
12,85,1000,4.15,1,153,87,30,19,6,11,15551,4.2336827213684
9,10,10000,4.15,0,2587,1511,479,275,115,207,5808,4.30699035812672
5.78,50,5000,3.55,1,876,362,142,141,77,154,27175,3.96603495860166
5.86,11,1000,4.28,0,512,310,108,46,25,23,904,4.26438053097345
9,22,10000,3.82,0,1860,891,323,280,161,205,9177,3.87403290835785
3.87,4,1000,3.34,0,94,33,13,19,11,18,3117,4.12736605710619
9,38,1000,4.52,0,312,216,64,16,9,7,27740,4.38017303532805
5.74,5,100,3.38,1,58,24,6,11,2,15,66644,4.13758177780445
9,8,10000,4.06,1,1642,894,303,224,92,129,12309,4.04517020066618
8,55,7,5,0,1,1,0,0,0,0,6348,4.24858223062382
3.68,4,100,3.71,0,42,18,7,9,3,5,105015,3.78960148550207
4.86,8,1000,3.89,1,115,55,23,20,3,14,21842,3.78990019229008
11,10,100,3.96,1,25,17,0,2,2,4,794,4.27707808564232
12,11,50,3.29,1,7,1,3,1,1,1,28,3.46428571428571
15,25,1000,3.3,1,408,129,67,91,41,80,1335,3.94906367041198
3.91,4,1000,3.73,1,145,64,30,18,14,19,32168,3.88454364585924
11,14,100,3.16,0,38,11,7,7,3,10,38985,4.06422983198666
11,84,100,3.46,0,56,23,9,8,3,13,90105,4.20129848510072
8,30,10000,4.18,1,1352,777,274,155,55,91,25356,3.90254772046064
8,7,10000,3.82,0,2520,1220,433,365,203,299,8821,3.87200997619318
14,12,10000,4.36,1,2010,1271,400,200,69,70,22765,4.23817263342851
7,33,50,3,0,2,0,1,0,1,0,25222,4.00154626913012
6,11,100,4,0,35,21,5,2,2,5,3245,3.77411402157165
6,6,1000,4.18,0,352,211,59,40,17,25,17738,3.93590032698162
12,11,100,3,1,6,2,0,2,0,2,366,3.97540983606557
9,34,50,4,0,5,3,0,1,1,0,537,4.45810055865922
3.88,4,100,3.47,0,34,14,5,6,1,8,5654,3.95879023700035
8,7,20000,3.96,0,3761,1958,675,518,242,368,12476,3.99879769156781
12,48,1000,3.98,1,131,64,29,21,6,11,42919,4.10596705421841
5.65,33,1000,3.39,0,192,67,34,34,20,37,37956,4.03037727895458
11,11,1000,4.46,0,217,147,40,18,6,6,9002,4.01466340813153
12,11,1000,3.82,0,428,189,101,59,30,49,18831,3.97886463809676
5.74,5,10000,3.61,1,2366,981,434,368,220,363,59903,4.15366509189857
9,8,100,4.13,1,23,13,4,4,0,2,3769,4.23985141947466
8,58,5000,3.45,0,920,288,207,190,99,136,4632,4.19278929188256
8,17,1000,3.39,1,219,86,33,30,20,50,73271,3.95444309481241
5.79,5,5000,3.78,0,1022,470,194,155,74,129,3566,3.73247335950645
8,16,10000,3.27,0,1167,412,187,166,113,289,9177,3.87403290835785
2.79,13,100,4,1,2,1,0,1,0,0,1309,4.24522536287242
9,84,100,3.73,1,82,32,16,22,4,8,35679,3.90977886151518
13,15,100,3.49,0,55,21,11,6,8,9,3276,4.42857142857143
8,7,20000,3.68,0,2015,911,340,279,169,316,3771,3.88146380270485
5.65,7,1000,4.24,0,319,183,69,37,19,11,7627,4.04772518683624
4.86,5,1000,3.79,1,200,95,35,28,16,26,2707,4.18913926856299
6,8,1000,3.82,1,523,232,114,72,59,46,3218,4.17060285891858
6,9,1000,4.01,0,471,252,85,62,31,41,2505,4.09221556886228
8,9,1000,4.22,0,621,373,117,66,27,38,14974,4.19280085481501
11,50,5000,3.45,0,869,305,164,155,107,138,36361,3.96752014521053
9,17,10000,3.93,0,2253,1044,526,348,146,189,16091,4.34323534895283
8,84,1000,3.74,0,536,231,104,92,46,63,30225,4.26789081885856
12,11,20000,3.8,1,2066,932,422,317,151,244,55670,4.12148374348841
14,37,1000,3.85,0,422,189,102,55,31,45,139223,3.93358137664035
8,7,100,4.07,0,14,9,0,3,1,1,360,4.23055555555556
8,7,1000,3.09,0,337,101,46,61,40,89,2076,4.09730250481696
8,26,100,5,0,13,13,0,0,0,0,138,3.65942028985507
7,6,5000,3.44,0,921,350,149,152,92,178,3566,3.73247335950645
7,26,5000,3.59,0,677,288,101,119,62,107,5534,3.99981929887965
16,111,1000,4.05,1,580,321,109,68,23,59,20387,4.19345661450925
11,24,1000,3.78,0,463,216,81,69,41,56,50864,4.07964375589808
9,65,1000,4.09,0,520,281,113,56,30,40,38985,4.06422983198666
5,28,5000,3.29,1,1530,517,255,256,153,349,4435,3.69605411499436
16,14,1000,4.52,1,552,394,97,33,9,19,6033,4.25443394662689
7,6,1000,4.23,1,207,121,43,24,8,11,4425,4.33242937853107
9,50,5000,3.6,0,985,388,198,168,77,154,7889,3.99505640765623
1.76,2,100,4.63,0,35,27,5,2,0,1,10622,4.4559405008473
5,6,5000,4.07,0,824,441,165,112,43,63,32778,4.04835560436878
8,7,1000,4.23,0,650,373,141,76,34,26,28101,4.1148001850468
4.69,4,5000,3.95,1,574,274,136,77,38,49,55670,4.12148374348841
8,18,1000,4.15,1,158,88,34,18,7,11,42514,3.74088535541233
6,6,100,3.47,0,19,6,5,4,0,4,10600,3.86754716981132
6,33,10,2.33,0,3,1,0,0,0,2,32394,3.9246774093968
6,10,1000,3,0,87,22,10,23,10,22,232,3.67672413793103
4.65,4,50,5,0,0,NA,NA,NA,NA,NA,268,3.89179104477612
2.67,67,10,5,0,0,NA,NA,NA,NA,NA,13,3.69230769230769
11,10,100,3.5,1,10,4,2,0,3,1,12919,4.02446009753077
5,26,100,4,1,4,3,0,0,0,1,19867,4.15754769215282
11,11,1000,4.22,1,223,136,43,20,6,18,667,3.76611694152924
7,11,20000,3.98,0,6510,3140,1357,1154,445,414,43742,4.06396598235106
12,11,1000,3.61,0,171,73,30,26,13,29,4811,4.19455414674704
1.72,26,1000,4.33,1,18,10,5,2,1,0,1373,4.00728332119446
1.72,2,100,4.23,0,13,7,4,0,2,0,1250,4.0032
8,47,10000,4.21,1,1631,945,333,201,62,90,1659,4.32188065099457
5.8,9,1000,3.83,1,52,25,7,11,4,5,28295,3.80996642516346
7,6,50000,4.12,0,9207,5077,1860,1185,467,618,15538,4.15619770884284
3.66,26,100,3.2,1,10,4,2,0,0,4,269,3.33828996282528
3.83,4,5000,3.76,1,337,163,48,54,27,45,99283,4.28559773576544
13,84,10000,4.36,1,2592,1632,531,260,68,101,23719,4.30106665542392
6,17,5000,3.85,1,817,384,160,125,59,89,50864,4.07964375589808
15,59,100,3.87,0,202,94,50,21,12,25,7267,4.15783679647723
8,7,100,4,0,13,5,5,1,2,0,129,3.7906976744186
1.71,2,50,4.67,1,3,2,1,0,0,0,3762,3.79744816586922
12,43,10000,3.87,1,632,303,122,99,35,73,45524,3.97293735172656
20,17,50,4.17,0,12,7,2,2,0,1,26,3.92307692307692
9,8,1000,4.17,0,648,347,160,76,33,32,37956,4.03037727895458
2,56,1000,3.73,1,41,17,10,6,2,6,3119,3.90990702148124
5,5,100,3.4,1,25,11,3,2,3,6,98,3.91836734693878
9,14,10000,4.14,0,644,363,134,71,27,49,3972,3.84919436052367
11,10,100,3.56,1,71,29,10,15,6,11,2782,4.06901509705248
16,14,1000,4.27,1,127,75,31,9,4,8,514,4.21789883268483
7,6,5000,3.23,0,1212,393,201,198,133,287,1686,3.68742586002372
7,84,10000,3.93,0,2526,1269,485,355,153,264,10501,4.02923531092277
8,54,50000,3.69,0,14568,5946,2952,2624,1310,1736,78307,3.84025693743854
8,7,100,3.8,0,15,9,1,1,1,3,88,4.04545454545455
8,7,10000,3.66,0,864,366,168,129,76,125,4295,3.84959254947614
3,3,100,4.04,1,47,22,13,6,4,2,11401,4.09358828172967
8,20,1000,3.12,0,341,106,45,62,39,89,7858,3.95316874522779
6,21,5000,3.18,0,573,174,96,97,69,137,9827,4.11386995013738
9,21,100,3.51,0,47,17,10,6,8,6,9827,4.11386995013738
11,49,100,3.73,0,26,12,4,3,5,2,1160,4.14396551724138
13,11,1000,3.36,0,350,115,75,54,33,73,8821,3.87200997619318
11,11,5000,4.16,1,1401,777,298,185,54,87,13879,4.05447078319764
7,7,1000,4.02,0,636,330,128,90,34,54,35358,4.01815713558459
9,10,10,5,1,0,NA,NA,NA,NA,NA,291,3.69072164948454
8,7,100,4.19,0,54,33,10,4,2,5,8989,3.85193013683391
8,8,1000,4.06,0,121,61,28,16,10,6,3300,4.02424242424242
6,17,5000,4.26,1,550,322,122,62,13,31,5781,4.27486594014876
14,13,100,4.5,0,113,82,17,7,3,4,7627,4.04772518683624
13,93,100,4.09,0,127,68,27,15,9,8,26833,4.23538180598517
13,59,1000,4.14,0,870,520,133,106,40,71,16523,4.03873388609817
5,5,5000,3.88,1,883,446,162,109,59,107,11883,4.12067659681898
3.69,53,100,4.36,1,11,6,3,2,0,0,277,3.85559566787004
3.85,69,1000,3.23,1,185,51,33,42,26,33,703,3.9601706970128
11,10,100,3.91,0,22,13,1,4,1,3,7363,4.10634252342795
2,2,1000,4.19,0,81,50,14,6,4,7,126370,4.14695734747171
8,85,100,4.5,1,14,9,3,2,0,0,173,3.90173410404624
7,7,10,3.36,0,11,4,1,3,1,2,4485,3.81047937569677
11,24,1000,3.73,0,154,68,31,21,14,20,47639,4.21343856923949
11,10,5000,3.2,1,249,85,35,38,26,65,88193,4.08089077364417
2.7,3,10000,4.13,1,1165,667,217,137,59,85,16013,4.10884906013864
5.83,8,5000,3.99,0,639,337,118,89,33,62,91631,3.83793694273772
11,14,20000,3.76,1,8029,3689,1502,1160,592,1086,17760,4.13710585585586
12,11,100,3.97,0,37,23,4,1,4,5,1452,3.73553719008264
5.66,6,100,3.08,0,13,3,3,3,0,4,2782,4.06901509705248
16,14,100,4,0,11,5,3,2,0,1,3588,4.14827201783724
3.67,13,1000,4.09,0,197,97,48,33,10,9,11505,4.13672316384181
12,11,100,3.73,0,104,40,24,24,4,12,17002,4.02782025644042
2.71,6,100,3.4,1,20,6,5,4,1,4,3762,3.79744816586922
5.73,5,100,4.03,0,63,29,14,15,3,2,3852,4.00311526479751
8,7,10000,3.84,0,1958,889,427,291,144,207,61895,4.26800226189514
9,8,100,3.7,0,27,11,4,6,5,1,104,3.89423076923077
14,12,100,2.7,0,20,6,1,3,1,9,1643,3.92270237370663
3.66,4,100,3.04,0,23,7,3,4,2,7,7858,3.95316874522779
6,6,100,3.4,0,5,2,0,2,0,1,112,3.625
12,85,1000,3.58,0,137,63,18,17,14,25,15407,3.85539040695788
9,8,5000,3.68,0,856,358,169,147,64,118,5083,3.94747196537478
13,56,100,3.55,1,20,8,5,1,2,4,111,3.77477477477477
3,3,50,4.25,0,4,3,0,0,1,0,28,4.03571428571429
9,8,1000,3.67,1,108,43,20,24,8,13,12441,3.92468451089141
11,11,1000,3.62,0,131,53,26,21,11,20,8362,3.81714900741449
11,10,100,3.55,0,89,37,17,10,8,17,88,3.55681818181818
11,10,100,3.13,1,45,11,11,7,5,11,364,3.38186813186813
9,26,10000,3.78,1,2090,892,440,379,168,211,839882,4.10375981387862
7,49,1000,3.99,0,194,98,41,25,15,15,2946,4.31602172437203
3.73,17,100,4.37,1,27,17,7,1,0,2,343,4.52186588921283
8,10,50,5,0,2,2,0,0,0,0,127,3.8740157480315
3.81,25,100,3.32,1,25,11,3,2,1,8,613,3.94453507340946
6,142,10000,3.78,1,1941,912,349,288,131,261,31559,4.12341962673089
12,86,1000,4.09,0,702,386,143,81,35,57,104269,4.25328717068352
6,6,100,5,1,2,2,0,0,0,0,28,4.03571428571429
6,31,10000,4.09,0,2789,1442,635,401,137,174,11596,4.28044153156261
9,8,50000,3.83,0,13198,6060,2562,2214,1033,1329,37076,4.30208220951559
13,11,50,4.33,0,12,7,3,1,1,0,14358,4.09353670427636
11,10,10000,3.75,0,1717,745,349,274,145,204,190918,4.23588661100577
3.9,5,1000,3.11,0,57,19,4,13,6,15,2072,3.88272200772201
8,47,100,4.33,1,110,69,23,7,7,4,1032,4.57751937984496
6,6,50000,4.2,0,12880,7337,2647,1643,623,630,38264,4.22794271377796
6,6,5000,3.93,0,549,286,90,78,36,59,80093,4.00669222029391
8,10,50,5,1,0,NA,NA,NA,NA,NA,21485,4.14624156388178
4.68,25,1000,3.69,1,127,53,25,21,12,16,45372,4.0578109847483
8,43,1000,4,0,180,91,39,28,3,19,139223,3.93358137664035
8,7,20000,4.05,0,8904,4640,1964,1121,493,686,19221,4.16809739347589
8,51,1000,3.61,1,256,109,47,36,20,44,19760,4.14195344129555
7,26,100,2.9,0,10,4,0,0,3,3,32,3.1875
7,6,10000,4.11,0,2483,1325,521,360,134,143,34311,4.06621783101629
7,30,1000,3.28,1,179,64,25,30,18,42,13625,4.38209174311927
5.65,5,1000,3.87,1,108,50,20,21,8,9,550,4.05454545454545
9,65,1000,4.09,0,520,281,113,56,30,40,38985,4.06422983198666
8,9,10000,3.35,0,1316,456,237,210,141,272,1987,3.98792148968294
12,58,1000,4.18,0,239,150,36,20,13,20,5042,4.14656882189607
5,5,1000,3.1,1,31,15,0,1,3,12,2792,4.32521489971347
3.84,4,1000,3.18,0,55,19,7,10,3,16,791,4.31858407079646
8,7,10000,3.56,1,1473,545,306,261,152,209,11148,4.18074991029781
12,31,1000,3.87,0,344,178,56,41,24,45,639,4.00782472613459
5.79,9,100,3.96,1,53,27,9,7,8,2,104,3.72115384615385
7,66,10,5,1,0,NA,NA,NA,NA,NA,3694,4.04223064428803
3,5,1000,4.05,1,327,170,71,45,14,27,72885,4.07985182136242
13,22,1000,4.01,1,156,85,32,12,10,17,4508,4.33074534161491
8,16,10000,4.04,0,1589,770,391,248,77,103,3665,4.19427012278308
8,76,100,3.64,1,11,5,2,1,1,2,70,3.51428571428571
9,8,100,4.07,1,46,26,7,7,2,4,300,3.96666666666667
9,8,1000,4.27,1,754,431,171,100,30,22,18029,4.10061567474624
4.9,8,1000,3.83,1,99,43,18,23,8,7,17752,3.89967327625056
8,38,1000,4.14,0,196,113,35,25,8,15,6275,4.38310756972112
25,38,50,3.17,1,6,2,1,1,0,2,401,4.00997506234414
2,2,100,2.57,1,7,1,1,2,0,3,12919,4.02446009753077
9,8,1000,3.52,1,295,126,38,48,28,55,12441,3.92468451089141
11,42,100,4.24,0,55,33,11,5,3,3,6121,4.36578990361052
12,102,1000,4.22,1,206,119,44,24,8,11,2495,4.21162324649299
9,59,10000,3.77,0,1721,752,368,260,141,200,2888,4.19217451523546
7,17,10,5,0,2,2,0,0,0,0,46,3.60869565217391
8,25,100,4,1,55,30,9,7,4,5,2199,4.1068667576171
8,7,1000,4.22,0,124,75,25,8,8,8,3950,4.05746835443038
15,13,5000,3.51,0,1257,498,220,197,108,234,19184,4.4710175145955
14,27,5000,3.52,0,1442,573,250,227,139,253,7874,3.95999491998984
13,11,20000,2.97,1,2191,603,321,343,263,661,14482,4.00158817842839
4.83,51,50,2,1,1,0,0,0,1,0,57,3.82456140350877
6,7,100,4,1,2,1,0,1,0,0,102568,4.05104906013571
13,11,100,4.35,0,26,18,4,1,1,2,21,4.04761904761905
11,10,5000,4.34,0,728,456,148,72,20,32,8500,4.08117647058824
8,7,1000,3.6,0,141,64,22,19,7,29,3771,3.88146380270485
7,6,1000,4.16,0,129,72,26,17,7,7,941,4.20403825717322
9,8,100,3.18,1,72,17,19,12,8,16,288,3.72916666666667
2,2,5000,3.89,1,496,254,80,72,33,57,14095,4.08967719049308
8,7,10000,4.01,0,2543,1315,482,383,180,183,110548,4.14366609979376
8,7,1000,3.63,1,161,64,31,30,14,22,1653,3.97338173018754
8,7,5000,4.14,0,2737,1582,524,278,137,216,68339,4.29874595765229
18,27,5000,4.03,1,1058,539,240,132,61,86,12348,3.79494655004859
11,10,20000,3.7,1,2682,1194,480,401,223,384,12974,3.9657006320333
11,83,20000,3.87,0,5719,2720,1171,820,408,600,151914,4.12792106060008
4,4,10000,4.03,0,2150,1115,445,291,144,155,230951,4.31106598369351
8,7,10000,3.71,0,951,420,176,143,84,128,4213,4.05839069546641
8,7,5000,3.94,0,957,502,161,136,54,104,4373,4.17836725360165
6,23,1000,3.94,1,251,120,53,41,18,19,6457,3.97041969955088
5.87,5,20000,3.98,1,4137,2090,852,576,278,341,4646,4.11881188118812
2.65,3,100,4.58,0,33,26,4,0,2,1,900,3.98777777777778
7,6,20000,4,1,2464,1306,463,305,157,233,3271,4.06970345460104
7,22,100000,3.82,1,11913,5355,2430,1974,960,1194,320031,4.21886629732745
14,12,5000,3.83,0,912,428,174,143,60,107,38258,3.95543415756182
19,105,20000,4.4,1,3787,2541,673,309,73,191,295161,4.32994873984029
8,7,5000,3.7,1,917,421,142,147,75,132,8166,4.17585108988489
7,50,5000,4.02,0,1046,545,200,161,59,81,36361,3.96752014521053
8,9,10000,3.09,1,775,223,123,137,84,208,54504,3.80168428005284
8,7,1000,3.93,1,54,27,12,6,2,7,88193,4.08089077364417
1.7,9,1000,3.86,1,86,41,17,13,5,10,484,3.99173553719008
12,59,100,3.59,0,64,24,16,10,2,12,5244,4.01392067124333
6,33,5000,4.04,0,846,451,168,109,47,71,21485,4.14624156388178
11,10,50000,3.91,0,13488,6325,3006,1998,916,1243,17816,4.17944544229906
5,59,100,4.27,0,22,13,4,4,0,1,521,4.12667946257198
9,49,100,3.72,1,109,51,14,21,9,14,267,4.04119850187266
15,68,1000,3.87,1,546,257,112,87,30,60,6775,4.18405904059041
5,5,1000,3.1,1,31,15,0,1,3,12,2792,4.32521489971347
15,13,100,4.11,0,56,29,14,7,2,4,2166,4.03047091412742
11,54,1000,3.93,1,90,42,21,13,7,7,11401,4.09358828172967
14,84,100,3.79,0,103,47,20,16,7,13,29265,4.28839911156672
16,56,5000,4.01,0,781,433,132,80,59,77,12083,4.26673839278325
6,6,20000,3.97,1,2564,1281,538,365,147,233,12974,3.9657006320333
13,11,1000,3.47,0,487,187,78,82,59,81,3670,3.97874659400545
3.86,4,100,3.48,1,23,9,4,2,5,3,55670,4.12148374348841
3.74,55,10000,4.23,1,1416,852,267,147,68,82,37956,4.03037727895458
7,9,100,3.23,0,43,14,6,9,4,10,7363,4.10634252342795
12,11,1000,3.61,0,171,73,30,26,13,29,4811,4.19455414674704
8,26,100,3.07,0,14,3,2,5,1,3,43,3.18604651162791
12,11,100,4.09,0,11,7,1,1,1,1,1770,3.93389830508475
7,6,100,3.65,0,20,8,5,2,2,3,24,3.625
8,22,1000,3.74,0,638,266,135,119,41,77,9034,4.19116670356431
6,11,1000,4.11,0,76,44,11,11,5,5,54504,3.80168428005284
4,4,100,4.07,1,46,23,12,6,1,4,32168,3.88454364585924
9,8,5000,3.8,1,501,217,96,102,42,44,11505,4.13672316384181
3,3,100,4.29,1,58,36,13,3,2,4,1050,3.88380952380952
16,14,100,3.73,1,89,39,21,10,4,15,130598,3.94679091563424
5.84,11,1000,4.19,0,307,171,71,35,12,18,10377,4.17278596896984
11,17,100,3.4,1,10,4,1,2,1,2,33855,3.91735341899276
2,2,100,3.53,1,58,20,14,10,5,9,689,4.03047895500726
8,7,1000,3.13,1,111,41,10,13,16,31,6623,4.07247470934622
7,22,5000,3.79,1,797,349,158,149,58,83,4809,4.25015595757954
2,2,5000,3.7,1,355,155,69,53,25,53,12309,4.04517020066618
8,34,1000,4.14,1,429,231,102,47,21,28,905,3.93922651933702
11,10,1000,3.73,1,128,54,24,28,6,16,105015,3.78960148550207
5,11,100,3.72,0,54,24,11,7,4,8,4836,4.03949545078577
6,6,10000,4.29,0,2808,1789,459,300,110,150,33675,4.31414996288048
12,13,5000,3.91,1,192,104,25,28,12,23,571,4.01751313485114
6,6,100,4.27,1,15,8,5,1,0,1,2988,3.89692101740295
11,10,5000,3.64,0,829,343,157,139,68,122,10474,3.90853542104258
8,7,1000,4.43,1,398,274,70,26,8,20,816,4.18137254901961
2,2,100,2.44,1,9,1,2,0,3,3,26951,4.0353604689993
5.66,5,20000,4.14,0,2927,1646,564,389,145,183,8205,4.19585618525289
3.94,8,100,3.9,0,21,10,5,2,2,2,189,4.06878306878307
14,12,1000,3.61,1,548,225,102,89,46,86,40457,3.96032824974664
9,8,5000,3.9,0,613,311,109,83,43,67,4335,4.05720876585928
4,4,100,3.1,1,21,4,5,5,3,4,22615,4.07822241874862
11,10,100,4.75,0,4,3,1,0,0,0,10286,3.69657787283687
7,34,100,4.52,1,106,77,16,7,3,3,1269,4.150512214342
2,2,1000,4.19,0,81,50,14,6,4,7,126370,4.14695734747171
3.92,4,20000,3.76,1,4367,1975,793,682,397,520,55499,4.13888538532226
8,84,10000,3.31,0,1554,528,283,245,144,354,80713,4.18781361119027
16,14,1000,3.16,0,370,114,55,72,35,94,47356,4.05688825069685
8,7,1000,3.98,0,234,126,43,27,10,28,47356,4.05688825069685
3,3,100,3.67,0,12,4,3,3,1,1,38100,4.29146981627297
8,7,100,4.19,0,54,33,10,4,2,5,8989,3.85193013683391
11,10,100,3.24,0,96,31,15,15,16,19,2282,4.21034180543383
11,10,10000,4.02,0,2050,1089,392,268,126,175,21485,4.14624156388178
12,11,100,3,1,6,2,0,2,0,2,366,3.97540983606557
16,16,100,3.82,0,50,26,7,7,2,8,7676,4.03947368421053
14,51,100,3.75,0,36,18,5,4,4,5,16885,3.89789754219722
3,7,100,3.67,1,6,2,2,0,2,0,1284,3.97507788161994
3.86,4,100,3.48,1,23,9,4,2,5,3,55670,4.12148374348841
5.82,58,1000,3.93,1,623,295,147,81,44,56,1663,4.07155742633794
8,7,50,3.67,1,6,2,1,2,1,0,519,3.79190751445087
11,17,100,4.67,0,3,2,1,0,0,0,1279,3.70758405003909
11,10,5000,3.87,1,901,400,210,144,64,83,12441,3.92468451089141
1.86,2,1000,3.78,1,36,20,2,5,4,5,45524,3.97293735172656
3.88,4,100,3.47,0,34,14,5,6,1,8,5654,3.95879023700035
8,33,50,5,1,0,NA,NA,NA,NA,NA,9395,4.11005854177754
3.71,5,10,5,0,1,1,0,0,0,0,60,4.2
11,28,100,3.93,1,107,48,25,20,7,7,435,4.18620689655172
5,5,1000,4.13,1,103,59,18,14,4,8,32168,3.88454364585924
11,13,100,3.87,0,46,22,9,8,1,6,27964,3.94861250178801
11,152,1000,3.91,0,808,381,180,110,68,69,87178,3.90835990731607
13,43,1000,4.31,0,65,44,7,8,2,4,6256,4.10118286445013
8,11,10000,4.28,1,3345,2045,648,354,127,171,20169,4.25851554365611
13,11,10000,3.9,0,1184,572,222,192,99,99,9981,4.30838593327322
5.83,5,100,4.36,0,22,13,5,3,1,0,17471,3.95283612844142
8,7,100,3.44,0,63,23,14,8,4,14,5595,3.77265415549598
2.81,33,50,3.64,0,14,5,2,5,1,1,42919,4.10596705421841
2,26,10000,4.36,1,2942,1898,509,334,101,100,21012,4.18984389872454
5.84,5,100,4.04,0,24,12,7,2,0,3,9470,3.95681098204857
16,14,50,4,0,2,1,0,1,0,0,3063,4.43421482206987
7,26,100,2.9,0,10,4,0,0,3,3,32,3.1875
6,38,5000,3.82,1,1442,645,296,247,105,149,6476,4.15765904879555
9,8,1000,3.29,1,99,40,12,10,11,26,88193,4.08089077364417
2.66,9,100,5,0,1,1,0,0,0,0,54773,4.43777043433809
6,47,1000,4.28,0,134,84,19,22,2,7,25914,3.86231380720846
16,33,100,4.15,1,61,34,13,7,3,4,2435,3.99671457905544
8,14,1000,3.98,0,217,122,29,30,12,24,7676,4.03947368421053
5.8,43,20000,3.47,1,2407,917,426,392,226,446,21210,3.96237623762376
9,10,10,5,1,0,NA,NA,NA,NA,NA,291,3.69072164948454
7,6,100,4.09,0,57,27,17,7,3,3,3038,4.34265964450296
12,11,1000,3.64,1,50,19,9,13,3,6,3762,3.79744816586922
2.89,7,50,5,0,1,1,0,0,0,0,30,3.73333333333333
8,56,50,4.67,1,6,4,2,0,0,0,47,3.87234042553191
9,8,100,3.71,0,51,27,5,7,1,11,5939,4.07021384071393
5.67,6,1000,3.51,0,245,87,51,45,23,39,6246,4.02769772654499
6,13,1000,3.26,0,255,87,36,44,32,56,3161,4.18158810503005
11,85,100,3.58,0,19,8,3,4,0,4,26833,4.23538180598517
8,7,10000,4.14,0,2182,1209,449,277,115,132,10258,4.24371222460519
7,31,8,5,0,0,NA,NA,NA,NA,NA,53225,3.9491592296853
14,85,100,4.23,0,61,36,11,8,4,2,12913,3.9813366374971
14,12,1000,4.04,1,475,276,64,62,25,48,10264,4.00720966484801
8,7,10000,4.13,0,2396,1260,582,298,116,140,6329,4.16290093221678
2,2,100,4.15,1,34,17,8,7,1,1,620,4.22096774193548
8,30,1000,3.09,1,65,21,6,12,10,16,2867,4.07987443320544
2,25,100,3.9,1,58,31,11,3,5,8,167,3.61077844311377
2,2,100,2.92,1,12,2,2,4,1,3,366,3.97540983606557
9,8,1000,3.03,1,124,32,20,26,12,34,6715,4.05718540580789
3,3,100,4.29,1,58,36,13,3,2,4,1050,3.88380952380952
9,8,20000,4.14,1,5232,2943,1022,662,258,347,8776,4.15303099361896
11,84,100,3.61,1,18,6,5,4,0,3,435,3.8551724137931
4,4,1000,3.51,0,550,215,99,86,53,97,13884,4.22284644194757
11,22,1000,3.66,1,129,59,20,18,11,21,2078,3.76804619826757
4,4,100,4.13,0,24,13,6,2,1,2,4572,3.93722659667542
4.9,5,100,3.96,0,25,13,5,3,1,3,32858,3.88553776857995
9,8,1000,3.85,0,183,88,34,28,11,22,7076,3.96806105144149
12,43,100,3.65,1,26,12,5,1,4,4,425,4.11058823529412
7,30,1000,3.28,1,179,64,25,30,18,42,13625,4.38209174311927
7,8,1000,3.73,1,237,111,38,36,17,35,67171,4.10232094207322
1.85,11,100,3.9,0,97,49,16,14,9,9,91631,3.83793694273772
12,11,100,5,1,0,NA,NA,NA,NA,NA,6,4.5
12,110,20000,4.04,1,2748,1530,500,295,145,278,8191,4.19020876571847
5.88,9,20000,4.07,0,6450,3383,1430,836,335,466,12304,4.31900195058518
15,102,1000,4.23,0,483,279,105,51,27,21,26833,4.23538180598517
8,75,20000,4.39,0,5254,3360,1065,500,159,170,6719,4.44753683583867
9,8,10000,4.2,0,2749,1578,562,339,112,158,36361,3.96752014521053
9,8,50,3,0,2,1,0,0,0,1,62,3.7741935483871
8,9,100,3.38,0,94,34,13,19,11,17,4955,4.00524722502523
7,7,10,5,1,0,NA,NA,NA,NA,NA,193,4.06217616580311
6,6,100,3.3,0,102,35,18,15,11,23,5841,4.21777092963534
4.7,19,100,3.87,0,15,7,3,3,0,2,14327,4.19208487471208
6,7,1000,3.67,0,258,108,58,34,16,42,2685,3.95009310986965
4.93,6,100,3.77,0,47,22,7,8,5,5,17752,3.89967327625056
3,3,1000,3.94,0,426,213,88,54,29,42,43676,4.28361113655097
8,17,5000,3.94,1,787,394,156,104,60,73,2700,4.0462962962963
2,2,5000,3.87,1,320,154,65,44,20,37,1029,3.96598639455782
8,47,10000,4.14,0,2360,1316,487,286,116,155,139788,4.16650928548946
14,12,10000,3.65,1,3574,1464,713,586,309,502,16064,4.22379233067729
15,68,1000,3.87,1,546,257,112,87,30,60,6775,4.18405904059041
8,7,5000,4.23,0,870,530,163,82,39,56,2380,4.25126050420168
5.67,19,100000,3.53,0,18393,6769,3404,3658,2003,2559,19248,3.88913133832086
14,84,5000,4.22,0,686,388,165,69,23,41,32386,4.26079170011733
7,43,1000,3.36,1,130,54,14,20,9,33,6731,3.98499480017828
9,8,20000,3.94,1,4304,2089,901,650,287,377,18877,4.07988557503841
11,26,100,5,1,1,1,0,0,0,0,8685,4.14070236039148
16,14,10,3,0,3,0,2,0,0,1,31,3.54838709677419
6,7,100,3.31,0,36,11,6,9,3,7,4856,4.16762767710049
12,17,1000,3.36,0,230,75,41,48,23,43,1837,4.16058791507893
16,14,100,3.28,1,18,7,2,3,1,5,901,3.98224195338513
12,17,1000,4.21,0,103,60,20,13,5,5,20478,3.91034280691474
13,68,100,3.48,1,121,50,18,19,8,26,18079,4.19492228552464
11,10,10000,3.75,0,1717,745,349,274,145,204,190918,4.23588661100577
11,38,5000,3.91,0,1433,699,283,211,102,138,30225,4.26789081885856
3.71,6,1000,3.45,1,181,69,29,33,14,36,9651,4.07916278105896
6,9,1000,3.8,0,245,118,44,33,15,35,7363,4.10634252342795
6,6,5000,3.89,1,1229,583,258,179,92,117,14676,4.07420278004906
12,16,5000,3.28,0,701,245,109,103,87,157,3990,3.89724310776942
2,2,50000,4.01,0,7575,4182,1317,857,429,790,229199,4.16507925427249
5,5,100,5,1,0,NA,NA,NA,NA,NA,1172,4.12286689419795
5,5,5000,3.3,0,1013,326,170,193,125,199,13510,4.29733530717987
4.66,11,50000,4.01,1,10122,5274,1869,1519,684,776,203805,4.21647653394176
8,22,100,4,1,17,9,4,0,3,1,65189,4.0496402767338
9,9,100,5,1,0,NA,NA,NA,NA,NA,246312,4.20372535645848
8,9,1000,3.95,1,63,32,12,10,2,7,36913,3.94942161298188
16,14,10,5,1,0,NA,NA,NA,NA,NA,1442,4.46601941747573
5,5,1000,4.1,1,166,95,28,21,9,13,13909,4.35681932561651
6,6,10000,4,1,1244,648,233,180,76,107,12974,3.9657006320333
18,59,10,2.67,0,6,1,0,3,0,2,2038,4.50147203140334
8,7,20000,3.8,1,9330,4150,1941,1495,731,1013,70773,4.03831969818999
11,10,100,3.8,1,10,5,1,2,1,1,247,3.94331983805668
5,25,10000,4.19,1,494,300,80,52,34,28,4524,3.86538461538462
5,10,100,4.08,0,12,7,2,1,1,1,4150,4.25228915662651
26,168,100,4.15,1,20,9,8,1,1,1,131,3.85496183206107
6,6,100,3.83,0,18,9,3,2,2,2,116,3.77586206896552
5.78,9,100,3.71,1,28,15,3,2,3,5,33855,3.91735341899276
5,7,20000,4.13,1,2409,1337,495,296,117,164,88193,4.08089077364417
5.73,5,100,3.86,0,7,5,0,0,0,2,885,4.15593220338983
3.83,4,10000,3.64,0,1773,768,309,275,140,281,32168,3.88454364585924
7,6,100,3.69,0,71,31,12,11,9,8,12134,3.86690291742212
15,13,100,4.11,0,56,29,14,7,2,4,2166,4.03047091412742
3.92,4,20000,3.76,1,4367,1975,793,682,397,520,55499,4.13888538532226
11,20,100,3.43,0,14,5,3,2,1,3,3120,4.17467948717949
6,6,10,4.75,0,4,3,1,0,0,0,5123,3.95861799726723
2.65,3,20000,3.4,0,3443,1232,593,622,327,669,68022,4.32058745699921
3.71,4,100,3.44,1,16,8,1,2,0,5,12309,4.04517020066618
13,26,100,3.78,0,37,17,8,5,1,6,1022,3.86399217221135
12,11,1000,3.59,0,181,69,42,27,13,30,4924,3.81965881397238
13,252,20000,3.91,0,12041,5723,2701,1656,751,1210,45964,4.0971194848142
12,168,5000,4.09,0,529,288,113,60,26,42,73595,4.38569196276921
5.69,17,5000,4.31,0,922,568,183,105,24,42,9465,4.13840464870576
6,8,10000,3.79,1,1010,477,180,152,70,131,10665,4.07379278012189
11,10,1000,4.1,1,413,238,75,43,19,38,17922,4.38020310233233
5,5,100,3.75,0,20,9,3,3,4,1,3053,3.85849983622666
7,6,1000,3.19,0,245,77,44,39,19,66,9341,4.01295364522
11,10,5000,3.56,0,402,168,69,56,37,72,20037,3.88007186704596
5.65,10,100,2.86,1,7,1,1,2,2,1,17752,3.89967327625056
5.85,5,10000,3.55,0,1004,402,172,168,96,166,7314,3.93820071096527
8,85,100,4.11,0,19,12,0,5,1,1,14664,4.23192853246045
6,6,5000,4.13,1,616,341,125,74,39,37,15436,4.04055454781031
11,10,100,3.96,0,115,59,21,15,11,9,5175,3.87091787439614
14,26,5000,4.12,0,437,251,80,47,24,35,4220,4.10995260663507
3.68,4,100,3.71,0,42,18,7,9,3,5,105015,3.78960148550207
18,76,100,3.56,0,120,47,24,19,9,21,8950,4.27430167597765
5,22,1000,3.32,0,395,146,64,53,36,96,3809,3.58283013914413
7,14,100,4.24,0,50,29,12,4,2,3,1160,4.14396551724138
8,65,5000,4.14,0,1366,752,300,156,76,82,20824,4.06372454859777
16,14,50,3.72,0,18,8,5,0,2,3,5508,4.32298474945534
5.74,5,5000,3.9,0,1179,617,169,177,88,128,11854,4.09490467352792
8,7,10000,3.71,0,2747,1253,470,390,233,401,65189,4.0496402767338
8,7,20000,3.63,0,2058,902,319,324,191,322,65189,4.0496402767338
3,14,100,3.9,0,51,25,11,6,3,6,9395,4.11005854177754
2.89,7,50,5,0,1,1,0,0,0,0,30,3.73333333333333
2,6,1000,3.32,0,121,41,23,19,10,28,543,4.11970534069982
9,65,1000,3.7,1,162,70,32,26,10,24,3373,3.96471983397569
9,9,100,5,1,0,NA,NA,NA,NA,NA,246312,4.20372535645848
11,10,5000,4.03,0,756,387,163,104,46,56,8821,3.87200997619318
9,9,1000,4.2,0,300,188,51,20,15,26,82219,3.59008258431749
4.81,5,100,5,1,0,NA,NA,NA,NA,NA,6,4.33333333333333
8,10,50,3.8,0,5,3,0,1,0,1,129,3.7906976744186
8,140,10000,4.17,1,1910,1141,329,212,88,140,2050,4.16780487804878
5,5,1000,2.98,1,102,33,13,10,11,35,10320,3.90494186046512
6,6,1000,3.98,1,330,160,76,44,26,24,1428,4.3515406162465
13,11,1000,4.14,0,582,313,139,66,28,36,6329,4.16290093221678
2.89,7,50,5,0,1,1,0,0,0,0,30,3.73333333333333
11,10,1000,3.97,0,212,109,42,28,11,22,543,3.93186003683241
5,5,1000,4.13,1,103,59,18,14,4,8,32168,3.88454364585924
7,6,100,3.6,0,25,10,4,5,3,3,483,4.15527950310559
9,8,1000,4.24,1,192,120,32,19,9,12,794,4.29848866498741
12,11,100,3.6,0,30,14,3,5,3,5,105015,3.78960148550207
5.75,25,1000,3.67,0,117,55,19,14,7,22,706,4.20963172804533
11,16,100,2.92,1,12,2,1,6,0,3,18,3.66666666666667
11,102,1000,4.15,1,674,366,161,69,35,43,8191,4.19020876571847
11,47,100,4.39,0,23,14,7,0,1,1,7197,4.36098374322634
7,6,100,3.83,0,18,10,2,2,1,3,75,3.82666666666667
1.72,2,100,3.77,1,30,15,3,5,4,3,32168,3.88454364585924
2.9,3,100,3.89,1,19,9,5,1,2,2,163,4.19018404907975
8,9,10000,3.95,0,903,475,148,135,50,95,24564,3.92887966129295
2.81,33,50,3.64,0,14,5,2,5,1,1,42919,4.10596705421841
2,2,100,4.15,1,34,17,8,7,1,1,620,4.22096774193548
8,7,100,4.2,0,10,4,5,0,1,0,88,3.93181818181818
5.86,59,1000,4.06,1,223,120,44,29,13,17,18877,4.07988557503841
11,26,1000,3.95,0,596,304,112,86,36,58,5534,3.99981929887965
2.67,67,10,5,0,0,NA,NA,NA,NA,NA,13,3.69230769230769
11,10,10000,4.05,1,1479,754,329,219,73,104,5816,3.93638239339752
13,68,5000,3.79,0,1095,488,228,168,87,124,24306,4.23669052908747
5.65,10,100,2.86,1,7,1,1,2,2,1,17752,3.89967327625056
8,7,100,4.04,0,139,72,31,17,8,11,12745,4.27799136916438
14,102,1000,4.18,0,197,104,52,26,2,13,17856,4.17372311827957
11,60,1000,3.38,1,37,15,3,9,1,9,703,3.9601706970128
7,23,10000,3.98,0,2159,1125,374,324,170,166,213709,4.29389964858757
11,10,10000,3.86,1,2102,981,445,301,141,234,14284,4.02562307476897
9,31,1000,3.92,1,317,151,72,45,17,32,8043,4.16598284222305
8,84,10000,4.19,0,3679,2077,783,446,192,181,80713,4.18781361119027
8,7,100,4.39,0,23,15,4,3,0,1,107,3.89719626168224
11,84,100,3.65,0,31,12,4,8,6,1,5311,4.03464507625683
15,13,50,4.4,1,10,5,4,1,0,0,34,3.67647058823529
16,14,100,3.44,1,27,13,2,2,4,6,572,3.36713286713287
5,5,5000,2.94,1,667,175,90,127,70,205,8740,4.23032036613272
13,85,100,4.11,0,47,29,6,4,4,4,9078,3.87816699713593
20,17,100,3.2,1,60,22,7,9,5,17,64,3.25
16,14,100,3.73,1,89,39,21,10,4,15,130598,3.94679091563424
1,10,100,3.56,0,52,22,8,9,3,10,91631,3.83793694273772
9,14,20000,3.31,1,3344,1162,542,559,339,742,25356,3.90254772046064
14,12,1000,4.26,0,429,262,81,46,14,26,1178,4.223259762309
6,17,6,5,0,0,NA,NA,NA,NA,NA,65189,4.0496402767338
7,6,100,2.75,0,4,1,1,0,0,2,10474,3.90853542104258
11,10,5000,3.91,0,487,244,90,67,36,50,5042,4.14656882189607
1.72,2,100,3.77,1,30,15,3,5,4,3,32168,3.88454364585924
5.67,5,20000,3.63,0,7242,2867,1406,1330,695,944,839882,4.10375981387862
6,8,100,3.31,1,13,3,4,3,0,3,3515,3.98378378378378
6,7,100,4.31,1,13,8,3,1,0,1,25222,4.00154626913012
12,102,100,4.11,1,75,39,19,8,4,5,7740,4.22726098191214
11,59,100,3.61,1,28,12,5,4,2,5,14291,4.18473164928976
12,17,50,4.17,0,18,9,5,3,0,1,71919,4.38529456749955
11,10,1000,3.58,1,483,199,83,79,44,78,6364,4.13246385920805
8,7,1000,3.76,0,843,392,144,134,62,111,25752,4.25687325256291
5,24,100,3.7,0,10,4,2,2,1,1,35262,3.93948159491804
4,4,100,4.5,1,2,1,1,0,0,0,2707,4.18913926856299
11,43,10000,3.28,0,2521,723,505,513,315,465,15502,4.11527544832925
12,11,50,4.24,0,17,9,6,0,1,1,2647,3.83981866263695
11,17,5000,3.26,0,692,217,125,128,68,154,4830,3.84306418219462
8,7,50,3.88,0,8,5,1,0,0,2,334,3.73652694610778
7,7,10000,3.85,0,1193,550,257,171,86,129,17816,4.17944544229906
8,11,100,3.87,0,91,40,24,13,3,11,11557,4.04006229990482
1.88,25,100,4.46,1,26,19,4,1,0,2,1373,4.00728332119446
11,10,1000,4.32,0,269,169,53,25,8,14,4811,4.19455414674704
9,135,100,3.55,0,33,10,10,5,4,4,9940,4.0489939637827
3.88,5,10000,3.66,0,585,246,105,107,43,84,35358,4.01815713558459
11,11,1000,2.99,0,228,59,38,36,32,63,5264,4.03286474164134
8,11,100,2.81,0,21,5,2,4,4,6,31,3.58064516129032
5.65,6,1000,3.96,1,164,86,26,28,8,16,12309,4.04517020066618
8,65,100,3.97,0,29,18,1,5,1,4,239,3.88284518828452
2,2,10,4.8,0,5,4,1,0,0,0,42,3.66666666666667
12,13,1000,4.25,0,215,136,32,23,13,11,15076,4.08496948792783
1.66,2,100,3.75,1,20,8,5,4,0,3,247,3.94331983805668
7,6,1000,3.27,0,601,208,94,91,66,142,16757,3.96538759921227
8,20,1000,3.12,0,341,106,45,62,39,89,7858,3.95316874522779
9,8,1000,4.03,1,248,127,59,26,15,21,1722,3.90650406504065
8,7,1000,3.69,1,294,128,57,44,20,45,821,3.76613885505481
14,107,1000,4.38,1,425,299,54,31,17,24,27175,3.96603495860166
8,13,1000,4.39,0,574,370,115,50,21,18,5042,4.14656882189607
11,43,10000,3.98,1,397,219,63,46,25,44,29615,3.92800945466824
19,17,100,4.33,1,61,39,12,5,1,4,487,4.23408624229979
7,6,50,4,0,4,3,0,0,0,1,34,4.35294117647059
8,8,10000,3.61,1,2187,843,484,350,182,328,70773,4.03831969818999
11,10,1000,3.69,1,113,55,16,14,8,20,1403,3.89593727726301
12,93,1000,4.1,1,534,280,128,63,28,35,15540,4.24131274131274
2,9,100,3.67,1,12,5,3,1,1,2,111,3.8018018018018
8,7,100,3.37,1,19,9,2,1,1,6,36033,3.96533732967002
8,59,100,4.05,1,114,55,30,16,6,7,231,3.76623376623377
5,9,100,4.08,0,13,5,5,2,1,0,26018,3.89142132369898
5,48,100,4.07,1,30,15,5,8,1,1,43876,4.08977573160726
13,34,100,3.74,0,54,23,14,5,4,8,4080,3.98799019607843
2,7,5000,3.91,0,239,118,42,38,22,19,591,4.09983079526227
8,48,100,4.01,1,79,47,11,7,3,11,131,3.85496183206107
5.86,5,100,4.55,1,76,57,9,7,1,2,96,4.36458333333333
7,34,5000,3.81,0,192,104,20,29,6,33,15348,4.01381287464165
2,2,10,4.8,0,5,4,1,0,0,0,42,3.66666666666667
1.68,2,100,3.67,1,12,6,2,1,0,3,1047,3.95606494746896
8,10,100,4.07,0,58,27,18,7,2,4,123,4.04065040650407
8,7,100,2,0,2,0,0,1,0,1,14676,4.07420278004906
8,252,1000,3.88,1,161,79,23,34,10,15,14780,3.95081190798376
12,11,1000,3.7,0,647,271,139,101,44,92,17471,3.95283612844142
2,4,100,3.1,1,30,8,7,3,4,8,71,3.42253521126761
11,83,1000,3.63,0,118,48,17,27,13,13,626,3.70287539936102
8,7,10000,4.14,1,2604,1428,555,340,122,159,13399,4.07709530561982
16,50,100,3.93,0,46,22,12,4,3,5,19632,4.3106662591687
8,68,8,5,0,0,NA,NA,NA,NA,NA,626,3.91693290734824
9,8,5000,4.41,1,1153,735,250,107,23,38,55499,4.13888538532226
11,38,5000,4.11,0,377,236,46,33,23,39,602,4.17109634551495
8,7,5000,3.71,1,346,148,68,53,34,43,3053,3.85849983622666
8,50,5000,4.26,1,1057,625,213,134,44,41,7631,3.86384484340191
11,10,10000,3.65,0,2422,1056,419,375,190,382,78616,4.3104329907398
11,85,50,4,1,7,4,0,2,1,0,21,3.71428571428571
17,75,1000,4.18,0,479,280,94,56,11,38,4778,4.18082879866053
7,68,10,1.5,0,2,0,0,0,1,1,397,3.85894206549118
2.8,3,1000,3.4,1,78,26,14,19,3,16,1281,4.01873536299766
8,7,50,3.43,1,7,3,0,2,1,1,249,3.97991967871486
5.89,5,100,4.15,1,48,30,7,4,2,5,150,3.99333333333333
8,7,1000,3.4,0,94,34,14,18,12,16,5281,4.023291043363
1,1,100,3.17,1,6,2,1,1,0,2,30,4.16666666666667
8,7,100,3.86,1,28,14,4,5,2,3,889,4.39032620922385
16,14,10000,3.87,0,770,381,134,110,66,79,39381,4.06632640105635
1.66,2,1000,4.21,1,33,21,6,2,0,4,15221,4.39320675382695
6,6,100,3.4,0,5,2,0,2,0,1,112,3.625
2.71,3,100,4.33,1,12,8,2,1,0,1,576,4.11458333333333
8,7,10000,3.7,1,2441,1070,460,373,181,357,39381,4.06632640105635
16,34,5000,4.28,1,1612,976,328,162,70,76,228676,4.23090311182634
5,5,1000,3.85,0,279,133,59,32,23,32,11078,4.04378046578805
11,26,5000,4.04,1,1571,867,275,190,99,140,47476,4.46535091414609
6,6,1000,3.68,1,895,356,198,157,70,114,25260,3.99560570071259
4.88,25,1000,4,0,16,8,1,6,1,0,130598,3.94679091563424
16,14,20000,4.27,0,2859,1736,573,281,111,158,18910,4.38741406663141
11,75,1000,3.43,1,70,28,12,8,6,16,104,3.68269230769231
6,34,1000,3.41,0,106,35,19,22,14,16,2044,4.00293542074364
5,25,1000,3.64,0,44,15,11,11,1,6,13979,3.87073467343873
6,10,10000,4.06,0,1496,794,291,215,92,104,2359,4.18821534548537
6,6,1000,3.15,1,170,57,20,34,9,50,2510,4.19760956175299
14,139,10000,4.26,1,2107,1334,348,206,86,133,20387,4.19345661450925
6,33,10,2.33,0,3,1,0,0,0,2,32394,3.9246774093968
9,17,100,4.18,1,34,22,4,3,2,3,1928,4.1301867219917
5,5,5000,4.1,1,478,281,77,51,23,46,14095,4.08967719049308
7,6,20000,4.22,1,2019,1182,393,257,90,97,8501,4.16480414068933
9,11,100,4.4,0,15,9,4,1,1,0,29615,3.92800945466824
15,13,1000,3.5,1,497,184,93,92,44,84,3533,4.22870082083215
7,6,1000,3.75,0,68,28,16,11,5,8,331,3.93051359516616
13,11,1000,3.97,0,289,148,59,38,13,31,7034,4.06027864657378
7,17,100,3.89,1,27,11,7,5,3,1,88,4
4,4,5000,4.19,0,999,587,180,123,54,55,225438,4.30112048545498
8,7,1000,3.61,0,233,91,57,28,17,40,32858,3.88553776857995
14,84,1000,3.27,0,130,40,24,26,11,29,11900,4.15075630252101
8,31,1000,4.12,1,155,84,31,22,11,7,28295,3.80996642516346
4,26,5000,4.3,1,825,530,136,82,34,43,12666,4.39831043739144
1.68,2,100,3.67,1,12,6,2,1,0,3,1047,3.95606494746896
11,10,10000,4.16,0,1780,975,406,210,94,95,19436,4.10902449063593
6,6,100,5,1,2,2,0,0,0,0,28,4.03571428571429
5.85,43,100,3.67,1,45,21,8,4,4,8,1972,4.34077079107505
5.69,10,1000,3.74,0,76,30,17,15,7,7,161,4.07453416149068
5.71,84,20000,3.9,0,4657,2011,1127,849,360,310,127966,4.19745869996718
9,84,1000,4.3,0,420,255,83,52,15,15,8404,4.24619228938601
12,11,5000,3.6,0,518,216,90,86,43,83,13127,4.12394301820675
5,5,20000,4.19,0,7773,4220,1795,1098,351,309,10269,4.26000584282793
9,8,100,4.5,0,8,6,0,2,0,0,5988,3.94522378089512
8,59,100,4.05,1,114,55,30,16,6,7,231,3.76623376623377
9,13,5000,3.75,1,1017,431,207,185,78,116,2359,4.05849936413735
7,13,1000,3.74,1,54,25,8,10,4,7,36913,3.94942161298188
7,6,100,3.36,0,11,4,2,2,0,3,8989,3.85193013683391
15,13,1000,3.88,0,854,431,156,106,59,102,11354,3.89369385238682
8,8,10000,3.98,1,1612,777,367,241,112,115,35262,3.93948159491804
8,7,10,4.5,1,2,1,1,0,0,0,173992,4.32646328566831
16,108,10000,4.25,1,1524,905,313,169,63,74,90105,4.20129848510072
8,42,5000,4.47,0,1038,720,176,75,41,26,5781,4.27486594014876
9,8,5000,4.08,1,1052,572,221,123,46,90,16013,4.10884906013864
8,7,5000,4.3,0,830,523,147,87,32,41,9200,4.28967391304348
9,8,5000,4.08,0,1336,725,274,160,73,104,12933,4.04476919508235
11,10,5000,3.56,0,402,168,69,56,37,72,20037,3.88007186704596
3.65,4,20000,3.93,1,4215,2184,717,605,271,438,4570,4.1964989059081
4.67,4,100,2.88,1,82,18,11,21,7,25,7497,4.07936507936508
11,76,1000,4.23,0,474,270,106,57,21,20,33855,3.91735341899276
8,7,1000,3.41,1,64,19,13,16,7,9,942,3.4755838641189
8,9,1000,4.22,0,117,77,14,11,5,10,23832,4.02043470963411
8,7,5000,3.6,1,983,394,182,172,92,143,4921,4.1310709205446
12,11,100,1,1,1,0,0,0,0,1,3,3
8,7,20000,3.92,0,3080,1542,573,448,212,305,11854,4.09490467352792
6,22,1000,4.45,1,47,32,8,4,2,1,15812,3.85517328611181
8,10,50,5,0,2,2,0,0,0,0,127,3.8740157480315
2.69,3,100,5,0,1,1,0,0,0,0,7218,4.2477140482128
1.67,2,100,3.59,1,32,13,6,4,5,4,185,3.96756756756757
8,7,100,3,1,11,3,1,3,1,3,5768,4.48439667128988
6,11,100,3,0,4,0,2,1,0,1,5264,4.03286474164134
8,7,5000,3.66,1,581,230,120,107,52,72,12574,4.00222681724193
9,8,5000,3.8,1,501,217,96,102,42,44,11505,4.13672316384181
3,17,5000,4.17,0,788,466,149,77,35,61,4191,4.30398472918158
3,3,100,3.63,1,8,4,1,1,0,2,1086,4.05616942909761
2.71,3,100,4.33,1,12,8,2,1,0,1,576,4.11458333333333
1,8,50,3.75,0,4,2,1,0,0,1,47,4.17021276595745
11,10,100,3.96,0,98,46,24,14,6,8,5070,4.2767258382643
6,7,50,4,1,4,2,1,0,1,0,139788,4.16650928548946
16,84,100,3.41,0,27,11,5,3,0,8,9940,4.0489939637827
5,5,5000,3.76,0,669,289,136,115,52,77,32168,3.88454364585924
11,10,100,2.77,1,26,5,4,4,6,7,99,3.54545454545455
2.72,17,1000,3.63,1,116,50,18,17,17,14,37375,4.17942474916388
7,7,1000,4.02,0,636,330,128,90,34,54,35358,4.01815713558459
3.81,4,1000,3.48,0,101,41,13,18,11,18,1012,3.98320158102767
11,10,100,4.14,1,37,20,7,6,3,1,9703,3.97073070184479
6,6,100,3.99,1,160,79,39,17,12,13,8776,4.15303099361896
9,34,100,3.14,1,28,8,6,3,4,7,1472,3.53464673913043
5,48,100,4.07,1,30,15,5,8,1,1,43876,4.08977573160726
8,8,10000,4.3,0,1858,1124,389,200,69,76,19879,3.99471804416721
8,59,100,3.78,0,45,17,10,11,5,2,58154,3.87135880592908
13,34,100,3.74,0,54,23,14,5,4,8,4080,3.98799019607843
11,47,100,4.39,0,23,14,7,0,1,1,7197,4.36098374322634
15,13,5000,3.73,1,1072,467,220,163,73,149,24095,3.81863457148786
11,10,100,4,1,29,17,2,6,1,3,24564,3.92887966129295
2.81,3,100,3.5,1,8,2,4,0,0,2,126370,4.14695734747171
6,17,5000,4.24,0,1650,969,344,182,72,83,13308,4.15599639314698
5.66,5,1000,4.21,0,217,134,37,17,16,13,9857,4.05397179669271
6,7,10000,3.75,0,1238,537,264,187,91,159,5993,4.05523110295345
8,84,50000,3.6,0,18463,7530,3351,3057,1736,2789,51369,3.96826880024918
7,9,10000,4.19,1,1378,801,270,158,66,83,42919,4.10596705421841
14,50,100,5,1,0,NA,NA,NA,NA,NA,22711,3.87204438377879
1.84,2,100,3.68,1,38,16,6,8,4,4,484,3.99173553719008
8,7,1000,4.05,0,152,76,39,18,6,13,466,3.89270386266094
9,8,10000,4.03,0,3024,1491,717,430,178,208,4295,4.20861466821886
7,22,100,4.46,0,52,35,9,5,3,0,2199,4.23647112323784
5,9,100,4.67,1,6,5,0,1,0,0,2805,4.48663101604278
3.72,11,1000,4.29,1,178,104,41,20,7,6,32318,4.35017637230027
3.81,59,5000,3.74,0,1444,591,308,275,115,155,139223,3.93358137664035
4.93,5,1000,3.36,1,83,28,13,17,11,14,10600,3.86754716981132
11,10,10000,4.05,1,1479,754,329,219,73,104,5816,3.93638239339752
6,6,1000,3.68,1,895,356,198,157,70,114,25260,3.99560570071259
7,33,50,3,0,2,0,1,0,1,0,25222,4.00154626913012
16,14,5000,3.34,1,687,251,106,108,70,152,2363,3.8535759627592
8,68,8,5,0,0,NA,NA,NA,NA,NA,626,3.91693290734824
9,8,1000,4.07,0,201,114,36,22,9,20,5819,4.15191613679326
8,22,100,4.6,1,10,8,1,0,1,0,63,4.23809523809524
8,11,10000,3.82,1,1715,742,397,274,124,178,4907,4.24067658447116
5,41,100,3.67,1,6,4,0,0,0,2,15348,4.01381287464165
5,8,5000,3.51,1,747,270,138,157,64,118,5019,4.06953576409643
14,51,1000,3.73,0,445,186,99,63,46,51,4622,4.01406317611424
14,14,1,5,0,0,NA,NA,NA,NA,NA,1134,3.95590828924162
2.8,3,100,3.17,1,6,1,1,3,0,1,4595,4.25810663764962
8,108,10000,3.96,0,1559,786,304,223,109,137,5316,4.22460496613995
11,168,10,3.33,0,3,0,2,0,1,0,47,3.91489361702128
9,8,5000,3.47,0,593,233,97,95,53,115,1821,3.98132894014278
8,7,10000,3.62,1,2069,884,343,331,184,327,12006,3.90121605863735
16,88,100,3.67,0,9,5,1,0,1,2,16726,4.04448164534258
6,11,100,3,0,4,0,2,1,0,1,5264,4.03286474164134
7,6,10000,3.88,0,2427,1122,520,386,173,226,32168,3.88454364585924
3.66,4,20000,4.48,0,5882,4130,994,409,148,201,100789,4.46230243379734
7,50,5000,4.02,0,1046,545,200,161,59,81,36361,3.96752014521053
6,76,1000,3.61,0,613,234,125,121,47,86,37956,4.03037727895458
4.81,5,10000,3.84,0,903,449,140,135,77,102,45964,3.99865111826647
8,7,1000,3.52,1,118,46,20,20,13,19,612,4.10947712418301
8,7,20000,4.17,1,3090,1800,575,364,143,208,21892,4.14685729947013
14,12,5000,3.94,0,1863,963,334,250,119,197,31916,4.10577766637423
4.67,4,10000,3.92,1,2151,1116,357,300,142,236,96838,4.2646585018278
1.8,2,1000,4.2,1,15,7,4,4,0,0,50864,4.07964375589808
5.9,5,5000,3.5,1,425,158,75,79,46,67,6357,4.25420795972943
5,5,1000,4.64,0,377,293,52,19,6,7,2904,4.42252066115702
12,11,20000,4.15,0,5351,2940,1130,712,295,274,30892,4.11164702835686
5,5,20000,4.07,0,7753,4166,1546,1044,438,559,43676,4.28361113655097
14,43,1000,4.05,1,167,93,32,18,5,19,22711,3.87204438377879
12,76,20000,4.17,0,2477,1312,611,337,88,129,151914,4.12792106060008
5.84,5,100,4.04,0,24,12,7,2,0,3,9470,3.95681098204857
13,11,100,3.22,0,9,5,0,0,0,4,111,3.8018018018018
6,6,10000,3.96,1,661,337,124,98,38,64,14095,4.08967719049308
9,51,5000,4.11,0,283,173,46,18,15,31,80093,4.00669222029391
15,13,20000,4.34,0,3845,2458,726,355,134,172,18910,4.38741406663141
8,10,100,3.5,0,6,3,0,1,1,1,117,3.78632478632479
7,7,1000,3.67,0,214,87,36,49,17,25,3592,4.06236080178174
8,7,5000,3.99,1,219,117,42,23,15,22,12309,4.04517020066618
2,2,100,2.44,1,9,1,2,0,3,3,26951,4.0353604689993
8,11,1000,3.84,1,153,72,30,23,10,18,2992,4.26002673796791
11,49,100,3.73,0,26,12,4,3,5,2,1160,4.14396551724138
8,7,1000,3.5,0,558,204,110,99,49,96,8352,4.21695402298851
2.69,3,1000,3.32,1,74,30,12,5,6,21,193,3.95854922279793
6,29,5000,3.71,0,615,309,86,60,55,105,1998,4.06906906906907
8,7,1000,3.52,1,118,46,20,20,13,19,612,4.10947712418301
5.83,64,100,3.19,1,52,17,8,9,4,14,4943,4.11834918065952
11,17,100,4.67,0,3,2,1,0,0,0,1279,3.70758405003909
11,10,1000,4.34,1,101,55,29,14,2,1,32715,4.16500076417545
14,12,1000,3.7,0,511,211,107,89,39,65,47356,4.05688825069685
27,23,50,4.25,1,12,7,2,2,1,0,399,3.93734335839599
4,4,10,5,1,0,NA,NA,NA,NA,NA,6357,4.25420795972943
16,14,10000,3.74,0,3079,1311,663,461,291,353,78616,4.3104329907398
11,18,20000,4.14,1,5759,3125,1205,838,305,286,320031,4.21886629732745
8,30,20000,3.61,0,5756,2107,1226,1189,553,681,73701,4.10512747452545
5.77,9,100,2.9,0,62,16,8,13,4,21,2044,4.00293542074364
11,12,10000,3.96,0,666,360,100,91,47,68,9325,4.12246648793566
9,8,1000,3.72,1,489,204,100,84,44,57,40245,3.99758976270344
12,11,1000,3.94,0,841,418,166,119,63,75,5264,4.03286474164134
5.87,11,1000,3.91,1,209,100,41,34,17,17,6187,4.39130434782609
7,84,100,3.7,1,46,18,7,13,5,3,263,3.77946768060837
8,7,1000,3.97,0,200,102,35,35,11,17,5175,3.87091787439614
7,6,1000,4.2,1,107,66,13,18,3,7,247,3.94331983805668
8,7,100,3.83,0,6,3,1,1,0,1,211,3.54502369668246
9,8,5000,4.28,0,1120,698,205,108,47,62,24564,3.92887966129295
8,7,1000,3.4,0,62,24,11,7,6,14,738,3.82926829268293
2.71,6,100,3.4,1,20,6,5,4,1,4,3762,3.79744816586922
12,87,10000,4.11,0,2404,1324,488,294,122,176,90105,4.20129848510072
13,72,1000,3.99,0,326,161,71,51,17,26,1370,4.42043795620438
3,3,5000,3.2,0,1166,334,211,233,131,257,13884,4.22284644194757
7,6,100,3.67,1,18,7,3,5,1,2,12309,4.04517020066618
5,5,5000,3.2,0,1185,360,190,231,137,267,32168,3.88454364585924
6,6,100,3.4,0,5,2,0,2,0,1,112,3.625
12,11,5000,3.68,0,781,301,173,148,72,87,779,3.77663671373556
8,7,50,4,0,8,4,2,1,0,1,2283,4.12790188348664
7,6,1000,3.98,1,129,64,21,28,9,7,794,4.27707808564232
9,76,20000,3.55,0,7088,2635,1394,1315,715,1029,51369,3.96826880024918
13,11,10000,4.12,0,2901,1573,606,399,135,188,14502,4.14784167701007
16,14,100,4.05,1,82,43,18,11,2,8,514,4.21789883268483
7,25,5000,3.5,0,774,258,176,147,81,112,11680,4.19289383561644
3.87,4,1000,3.68,1,62,28,11,7,7,9,265,3.62641509433962
4.93,6,100,3.77,0,47,22,7,8,5,5,17752,3.89967327625056
15,92,100,3.51,0,74,26,15,15,7,11,151914,4.12792106060008
5.91,5,1000,3.38,0,414,156,58,72,45,83,12134,3.86690291742212
3,8,100,3.79,1,57,25,10,13,3,6,4080,3.98799019607843
11,134,100,3.54,1,28,7,11,4,2,4,1926,4.07165109034268
8,7,20000,4.25,1,3127,1919,580,304,128,196,16803,4.15503183955246
6,9,10000,4.08,1,1367,722,293,185,77,90,5316,4.22460496613995
2,56,100,3.07,1,28,11,3,1,3,10,4435,3.69605411499436
5,19,100,3.71,0,59,24,15,8,3,9,210,3.96190476190476
13,11,100,2.5,0,2,0,1,0,0,1,31,3.7741935483871
7,6,100,4.07,1,14,8,3,1,0,2,7023,4.23593905738289
